codigo_ibge7;codigo_ibge6;municipio;uf;regiao;populacao_est2018;porte_ibge;porte_sisan;mapasan2018;sisan;data_adesao;participou;mais200milhab;capital;ano_adesao;mes_ano_adesao;codigo_sequencia;v9136;v9137;v9138;v9139;v9140;v9141;v9142;v9143;v9144;v9145;v9157_1;v9157_2;v9157_3;v9157_4;v9157_98;v9157_99;v9146;v9147;v9148;v9152;v9149;v9948;v9151;v9150;v9153;v9154_1;v9154_2;v9154_3;v9154_4;v9154_5;v9154_6;v9154_7;v9154_98;v9154_8;v9156;v9159_1;v9159_2;v9159_3;v9159_4;v9159_5;v9159_6;v9159_7;v9159_8;v9159_98;v9159_99;v9160;v9163_1;v9163_2;v9163_3;v9163_4;v9163_98;v9163_99;v14143;v14144_2;v14144_4;v14144_6;v14144_8;v14144_10;v14144_12;p_latitude;p_longitude
3506300;350630;3506300;35;3;11137;3;1;1;1;27/nov/14;6047;0;0;2014;01/nov/14;3681;COZINHA COMUNITARIA BANCO DA TERRA;Assentamento Banco da Terra;DOURADO;18960-000;Bernardino de Campos;SP;(14) 33468000;gabinete@bernardinodecampos.sp.gov.br;;1;;;;;;;99;0;;$5,00;0;;$10,00;15;99;;;;;;;;;;99;;;;;;;;;;;;;;;;;;0;;;;;;;-230140216;-494760724
4306106;430610;4306106;43;4;60693;5;2;1;0;;4032;0;0;;;3686;Cozinha Solidaria Maes Unidas na construcao da dignidade de suas familias.;Rua Turibio Verissimo, 2339.;Bairro Penha;98100-000;Cruz Alta;RS;(55) 33228008;joseteixeira@cruzalta.rs.gov.br;www;1;;;;1;;;1;1;$30.000,00;$1,15;2;;$1,15;30;0;;;;;;;;;;99;;;;;;;;;;;;;;;;;;99;;;;;;;-28639;-53606
3536109;353610;3536109;35;3;6360;2;1;1;0;;2018;0;0;;;3684;COZINHA COMUNITARIA MUNICIPAL;RUA: BATISTA CALDARDO Nº 35;CENTRO;18640-000;Pardinho;SP;(14) 38861241;;;1;;;;;;;3;1;$39.000,00;$4,00;1;;$0,00;120;0;;;;;;;;;;99;;;;;;;;;;;;;;;;;;1;;;;;;;-2.30809753896095E+16;-4837702989578240
3536109;353610;3536109;35;3;6360;2;1;1;0;;2018;0;0;;;3682;COZINHA COMUNITARIA DE PARDINHO;RUA:BATISTA CALDARDO  Nº 35;CENTRO;18640-000;Pardinho;SP;(14) 38861241;;NAO POSSUI;1;;;;;;;3;1;$390.000,00;$4,00;1;;$0,00;120;0;;;;;;;;;;99;;;;;;;;;;;;;;;;;;1;;;;;;;-2.30806990290125E+16;-4837700843811030
2707503;270750;2707503;27;2;20018;4;1;1;0;;2018;0;0;;;3677;SOPAO REAL;Avenida Moacir Andrade;CENTRO;57290-000;Porto Real do Colegio;AL;(82) 35531289;;;1;;;;;;;99;99;;;0;;$0,00;;0;;;;;;;;;;99;;;;;;;;;;;;;;;;;;1;;1;;;;;-1.01873204744946E+16;-3683585330843920
4103305;410330;4103305;41;4;6749;2;1;1;1;11/out/17;4033;0;0;2017;01/out/17;3516;Cozinha Comunitaria;Avenida Parana, s/n°, BR274;Centro;86925-000;Borrazopolis;PR;(43) 34521266;patriciapiresufpr@gmail.com;nao ha;1;;;;;;;1;99;;;99;;$0,00;25;99;;;;;;;;;;99;;;;;;;;;;;;;;;;;;;;;;;;;-2.39321716233297E+16;-5159053087234490
4314902;431490;4314902;43;4;1479101;7;5;1;1;27/nov/14;6047;1;1;2014;01/nov/14;3103;Restaurante Escola Rubem Berta;R. Wolfran Metzler, 650;Rubem Berta;91250320;Porto Alegre;RS;(51) 33907063;cleusicr@gmail.com;nao tem;1;;;;;;;3;0;;;2;;$4,00;150;1;;;;;;;1;;;1;;;;;;;;;;;;;;;;;;0;;;;;;;-30033;-51.23
4314902;431490;4314902;43;4;1479101;7;5;1;1;27/nov/14;6047;1;1;2014;01/nov/14;3473;Cozinha Comunitaria Cooperativa de Educacao Ambiental e reciclagem Sepe Tiaraju -CEAR;Rua Frederico Mentz,1167;Humaita/Navegantes;90240-110;Porto Alegre;RS;(51) 92429126;mariadelourdeschavesfigueiredo@yahoo.com.br;;1;;;;;;;2;0;;$6,00;2;;$0,00;35;0;;;;;;;;;;1;;;;;;;;;;;;;;;;;;;;;;;;;-299899684;-512001341
2507507;250750;2507507;25;2;800323;7;5;1;1;20/mar/14;6047;1;1;2014;01/mar/14;3310;Cozinha comunitaria da Comunidade Taipa comunidade Taipa;Unid. 5 - Rua Joao Lourenco de Souza.;Costa e Silva;58081065;Joao Pessoa;PB;(83) 32145760;cozinhascomunitariaspmjp@gmail.com;www.joaopessoa.pb.gov.br;1;;;;;;;1;1;$2.794,00;$5,50;1;;$0,00;200;0;;;;;;;;;;1;;;;;;;;;;;;;;;;;;;;;;;;;-7182964863659430;-3489670872688290
4314902;431490;4314902;43;4;1479101;7;5;1;1;27/nov/14;6047;1;1;2014;01/nov/14;3476;cozinha comunitaria ONG Solidariedade;Rua Chico Pedro,490;Cristal;90910-650;Porto Alegre;RS;(51) 93049792;solidariedadeong@hotmail.com;;1;;;;;;;2;0;;$4,50;2;;$0,00;30;0;;;;;;;;;;1;;;;;;;;;;;;;;;;;;;;;;;;;-30097134;-512380343
4314902;431490;4314902;43;4;1479101;7;5;1;1;27/nov/14;6047;1;1;2014;01/nov/14;3478;Cozinha Comunitaria Centro Social Antonio Gianelli;Rua B, Africa do Sul, 07;Belem Velho/Rincao;91787-000;Porto Alegre;RS;(51) 32452955;;nao tem;1;;;;;;;2;0;;$4,50;2;;$0,00;20;0;;;;;;;;;;1;;;;;;;;;;;;;;;;;;1;;1;;;;;-3.01159905063654E+16;-5115375995635980
4314902;431490;4314902;43;4;1479101;7;5;1;1;27/nov/14;6047;1;1;2014;01/nov/14;3111;Associacao de Triagem de Residuos Solidos -UTC;Rua Afonso Lourenco Mariante, 44019;Lomba de Pinheiro;91787260;Porto Alegre;RS;(51) 99082568;utcomposto@yahoo.com.br;nao tem;1;;;;;;;2;0;;$4,50;2;;$0,00;150;0;;;;;;;;;;1;;;;;;;;;;;;;;;;;;1;;1;;;;;-301015434;-511406865
4104808;410480;4104808;41;4;324476;6;4;1;1;03/ago/16;6047;1;0;2016;01/ago/16;3469;Cozinha Comunitaria Bairro Interlagos;Rua Jarama, 1056;Interlagos;85814-290;Cascavel;PR;(45) 99694746;admprovopar@hotmail.com;Nao tem;1;;;;;;;3;1;$77.849,64;$2,97;2;;$0,00;200;0;;;;;;;;;;1;;;;;;;;;;;;;;;;;;;;;;;;;-2.4916117339165E+16;-5343868017196650
2608750;260875;2608750;26;2;25349;4;1;1;0;;6047;0;0;;;3076;COZINHA COMUNITARIA BAIRO DA ESTATUA;Av. Miguel Arraes, Morada Nova;ESTATUA;56395-000;Lagoa Grande;PE;(87) 38699405;sociallagoagrande2017@gmail.com;;1;;;;1;;;1;1;$9.540,00;$3,33;1;;$1,50;150;1;;;;;;;;1;;1;;;;;;;;;;;;;;;;;;;;;;;;;-8989721965780050;-4.02767157554626E+16
2512036;251203;2512036;25;2;3777;1;1;1;0;;6047;0;0;;;3216;COZINHA COMUNITARIA DE POCO DANTAS;Rua Honorio Sampaio,47;CENTRO;58933000;Poco Dantas;PB;(83) 35621031;cozinhacomunitariapd@hotmail.com;;1;;;;1;;;1;0;;$10,00;0;;$12,00;25;1;;;;;;;;;;1;;;;;;;;;;;;;;;;;;;;;;;;;-6.40326679682148E+16;-3849707007408140
3169356;316935;3169356;31;3;31984;4;1;1;0;;6047;0;0;;;3247;ESTANCIA FAMILIAR;AVENIDA TRAVESSIA,190;PARQUE DIADORIM;39205000;Tres Marias;MG;(38) 37547009;fazendinha3m@gmail.com;nao tem;1;;;;1;;;1;99;;$4,50;2;;$7,00;55;1;;;;;;;;;;1;;;;;;;;;;;;;;;;;;99;;;;;;;-1.81948294911426E+16;-4523451663684840
2513653;251365;2513653;25;2;2685;1;1;1;0;;6047;0;0;;;3017;MARIA LEONOR DE ANDRADE (DONA NOZINHA);RUA ANTONIA MARCENA DUARTE, S/N;CENTRO;58928000;Santarem;PB;(83) 35631114;clodoarte@hotmail.com;http://www.jocaclaudino.pb.gov.br/;1;;;;;;;2;99;;$3,00;2;;$7,00;40;1;;;;;;;1;;;1;;;;;;;;;;;;;;;;;;;;;;;;;-6.49;-38476
2304269;230426;2304269;23;2;9585;2;1;1;0;;6047;0;0;;;3696;COZINHA COMUNITARIA;RUA FILOMENA VIEIRA;CENTRO;63645-000;Deputado Irapuan Pinheiro;CE;(88) 988053693;saste.dip@hotmail.com;NAO;1;;;;;;;1;1;$50.000,00;$3,00;2;;$5,00;40;1;;;;;;;;;;1;;;;;;;;;;;;;;;;;;0;;;;;;;-59173532;-392672104
2304269;230426;2304269;23;2;9585;2;1;1;0;;6047;0;0;;;3689;COZINHA COMUNITARIA;RUA: FILOMENA VIEIRA S/N;CENTRO;63645-000;Deputado Irapuan Pinheiro;CE;(88) 988098383;saste.dip@hotmail.com;nao tem;1;;;;;;;1;99;;$3,00;1;;$5,00;40;1;;;;;;;;;;1;;;;;;;;;;;;;;;;;;0;;;;;;;-5917;-39268
2308401;230840;2308401;23;2;35662;4;1;1;1;07/jun/16;6047;0;0;2016;01/jun/16;3515;Cozinha Comunitaria Sede;Rua Padre Cicero 204;Centro;63200-000;Missao Velha;CE;(88) 35421738;acaosocial.mv@gmail.com;nao tem;1;;;;1;;;1;0;;$4,00;99;;$4,50;70;0;;;;;;;;;;1;;;;;;;;;;;;;;;;;;1;;1;;;1;;-7247780735772220;-3914171218872070
2307304;230730;2307304;23;2;271926;6;4;1;0;;6047;1;0;;;3145;COZNHA COMUNITARIA FREI DAMIAO;Und 3: Rua Renan Felinto nº188;Bairro Frei Damiao;63043-300;Juazeiro do Norte;CE;(88) 988158355;sedest@juazeiro.ce.gov.br;https://www.juazeiro.ce.gov.br;1;;;;;;;1;1;$155.969,24;$4,00;2;;$4,00;200;0;;;;;;;;;;1;;;;;;;;;;;;;;;;;;1;;;;;;;-7260408778544480;-3933531852205960
3109303;310930;3109303;31;3;24663;4;1;1;0;;6047;0;0;;;3414;Cozinha Comunitaria;Rua Jardim,816;Centro;38660-000;Buritis;MG;(38) 36623201;semas@buritis.mg.gov.br;;1;;;;;;;1;99;;$3,60;0;;$4,00;200;0;;;;;;;;;;1;;;;;;;;;;;;;;;;;;;;;;;;;-15618;-46423
2304269;230426;2304269;23;2;9585;2;1;1;0;;6047;0;0;;;3287;COZINHA COMUNITARIA;Rua Filomena Vieira, s numero;CENTRO;63645000;Deputado Irapuan Pinheiro;CE;(88) 88548971;saste.dip@hotmail.com;NAO;1;;;;;;;1;1;$21.000,00;$10,00;1;;$3,00;70;1;;;;;1;;;;;1;;;;;;;;;;;;;;;;;;;;;;;;;-5917;-39268
4128005;412800;4128005;41;4;21119;4;1;1;0;;6047;0;0;;;3693;Cozinha Comunitaria/Restaurante Popular;Avenida Joao Nedeiros, esquina com a Rua Parana;Jardim Recife;85440-000;Ubirata;PR;(44) 35431369;social@ubirata.pr.gov.br;www.ubirata.pr.gov.br;1;;;;;;;1;99;;$4,70;2;;$3,00;130;1;;;;;;;;;;1;;;;;;;;;;;;;;;;;;1;;1;;;;;-2.45353725975767E+16;-5.2983412742614704E+16
2613909;261390;2613909;26;2;85774;5;2;1;0;;6047;0;0;;;3369;COZINHA COMUNITARIA;Rua Livino Gomes, S/N;Bom Jesus;56906-140;Serra Talhada;PE;(87) 38313197;psb@serratalhada.pe.gov.br;;1;;;;1;;;1;1;$200.000,00;$6,00;2;;$2,00;110;0;;;;;;;;;;1;;;;;;;;;;;;;;;;;;1;;1;;1;;;-798462894748213;-3830868244171140
2307502;230750;2307502;23;2;31584;4;1;1;1;27/nov/14;6047;0;0;2014;01/nov/14;3302;Cozinha Comunitaria;Rua Elisbao de Almeida Crispim s/n, Centro;Centro;63300-000;Lavras da Mangabeira;CE;(88) 35361066;saslavras_ce@yahoo.com.br;nao possui;1;;;;;;;1;1;$8.750,00;$5,00;2;;$2,00;80;1;;;;1;;;;;;1;;;;;;;;;;;;;;;;;;1;;;;;;;-6748652210353450;-3896383521167600
4128005;412800;4128005;41;4;21119;4;1;1;0;;6047;0;0;;;3367;Cozinha Comunitaria e Restaurante Popular de Ubirata;Avenida Joao Medeiros, s/n;Parque Recife;85440000;Ubirata;PR;(44) 35431369;social@ubirata.pr.gov.br;www.ubirata.pr.gov.br;1;;;;;;;1;1;$136.938,96;$4,71;2;;$2,00;100;1;;;;;;;;1;;1;;;;;;;;;;;;;;;;;;;;;;;;;-2.45353647336013E+16;-5298345633792870
3118601;311860;3118601;31;3;659070;7;5;1;1;20/mar/14;6047;1;0;2014;01/mar/14;3143;Cozinha Comunitaria Nacional;Und 1: Rua Laudelina Castorina, nº 102;Bairro Tijuco;32180-290;Contagem;MG;(31) 33616260;jose.costa@contagem.mg.gov.br;nao;1;;;;;;;3;1;$347.500,00;$4,50;1;;$2,00;350;1;;;;;;;;;;1;;;;;;;;;;;;;;;;;;;;;;;;;-1.98596263270957E+16;-4402140140533440
3118601;311860;3118601;31;3;659070;7;5;1;1;20/mar/14;6047;1;0;2014;01/mar/14;3142;Cozinha Comunitaria;Rua Maria Jose Chiodi, nº 37, bairro Nova Contagem;Bairro Nova Contagem;33929199;Contagem;MG;(31) 33928019;roberto.fiau@contagem.mg.gov.br;nao;1;;;;;;;1;1;$347.500,00;$4,50;2;;$2,00;350;1;;;;;;;;;;1;;;;;;;;;;;;;;;;;;;;;;;;;-1.98266260855151E+16;-441512417793274
2305233;230523;2305233;23;2;66114;5;2;1;0;;6047;0;0;;;3293;Alice Ferreira dos Santos;Rua Sao Raimundo, s n° - Centro;Centro;62880000;Horizonte;CE;(85) 33366075;cozinhacomunitaria.horizonte@outlook.com;;1;;;;;;;1;1;$134.800,00;$5,94;0;;$1,99;200;1;;;1;1;1;1;1;1;1;1;;;;;;;;;;;;;;;;;;1;;1;;1;;;-4101377751117230;-3849924802780150
3519071;351907;3519071;35;3;227353;6;4;1;0;;6047;1;0;;;3301;Cozinha Comunitaria Jardim Novo Angulo;Av. Osvaldo de Souza, 375, lote 5, quadra C, loteamento Novo Angulo;Jardim Novo Angulo;13185158;Hortolandia;SP;(19) 38455643;cozinhacomunitaria@hortolandia.sp.gov.br;http://www2.hortolandia.sp.gov.br/;1;;;;;;;1;1;$175.000,00;$7,50;2;;$1,00;120;0;;;;;;;;;;1;;;;;;;;;;;;;;;;;;1;;;;;;;-228819007;-4717510559999990
2301901;230190;2301901;23;2;60155;5;2;1;0;;6047;0;0;;;3513;Cozinha Comunitaria Minerva Dias de Sa Barreto;Av. Luiz Gonzaga;Malvinas;63180-000;Barbalha;CE;(88) 35322203;annictf@hotmail.com;;1;;;;1;;;1;99;;$7,00;1;;$1,00;200;0;;;;;;;;;;1;;;;;;;;;;;;;;;;;;;;;;;;;-7.3087084140065296E+16;-3927977085113520
2307650;230765;2307650;23;2;226128;6;4;1;1;20/mar/14;6047;1;0;2014;01/mar/14;3159;Cozinha Comunitaria do Timbo;Av. Do Contorno Norte, S/N;Timbo;61936-000;Maracanau;CE;(85) 35215056;ercilia_lima@yahoo.com.br;nao possui;1;;;;;;;1;1;$230.555,55;$5,00;2;;$1,00;270;1;;;;;;;;;;1;;;;;;;;;;;;;;;;;;1;;1;1;;;;-3.87761365681524E+16;-3.8598039150238E+16
2307650;230765;2307650;23;2;226128;6;4;1;1;20/mar/14;6047;1;0;2014;01/mar/14;3157;Cozinha Comunitaria do Mucuna;"Rua Manuel Mergulhao, 41
(85) 33928884";Mucuna;61914-080;Maracanau;CE;(85) 35215056;edleuza.castro@yahoo.com.br;nao sabe;1;;;;;;;1;1;$230.555,55;$5,00;2;;$1,00;100;1;;;;;;;;;;1;;;;;;;;;;;;;;;;;;1;;1;1;;;;-3846581394451440;-3865629673004150
2307650;230765;2307650;23;2;226128;6;4;1;1;20/mar/14;6047;1;0;2014;01/mar/14;3156;Cozinha Comunitaria do Luzardo Viana;Rua Pompeu Ferreira da Ponte, 695;Luzardo Viana;61910-120;Maracanau;CE;(85) 35215056;edleuza.castro@yahoo.com.br;nao possui;1;;;;;;;1;1;$230.555,55;$5,00;2;;$1,00;110;1;;;;;;;;;;1;;;;;;;;;;;;;;;;;;1;;1;1;;;;-38566972444437;-3864827156066890
2307650;230765;2307650;23;2;226128;6;4;1;1;20/mar/14;6047;1;0;2014;01/mar/14;3646;Cozinha Comunitaria do Alto Alegre;Rua 5, 2225;Alto Alegre II;60900-000;Maracanau;CE;(85) 35215056;laryssavn_sasc@maracanau.ce.gov.br;nao possui;1;;;;;;;1;1;$230.555,55;$5,00;2;;$1,00;200;1;;;;;;;;;;1;;;;;;;;;;;;;;;;;;1;;1;1;;;;-3825824793269940;-3861361742019650
2307650;230765;2307650;23;2;226128;6;4;1;1;20/mar/14;6047;1;0;2014;01/mar/14;3158;Cozinha Comunitaria do Acaracuzinho;"Rua 101, nº 172 - Acaracuzinho
(85) 33928244";Bairro Acaracuzinho;61920-020;Maracanau;CE;(85) 35215056;ercilia.maracanau@gmail.com;nao possui;1;;;;;;;1;1;$230.555,55;$5,00;2;;$1,00;150;1;;;;;;;;;;1;;;;;;;;;;;;;;;;;;1;;1;1;;;;-3849471649573780;-3.8609755039215E+16
2307650;230765;2307650;23;2;226128;6;4;1;1;20/mar/14;6047;1;0;2014;01/mar/14;3160;Cozinha Comunitaria da Pajucara;"Rua Sao Sebastiao, 273, Pajucara
(85) 339282893";Bairro Pajucara:;61932-250;Maracanau;CE;(85) 35215056;edleuza.castro@yahoo.com.br;nao possui;1;;;;;;;1;1;$230.555,55;$5,00;2;;$1,00;170;1;;;;;;;;;;1;;;;;;;;;;;;;;;;;;1;;1;1;;;;-3.8614714556540496E+16;-3.85860013961792E+16
2305506;230550;2305506;23;2;103255;6;3;1;1;27/nov/14;6047;0;0;2014;01/nov/14;3290;Cozinha Comunitaria Dulce Ricarte de Araujo;Rua Jose Caieiras de Araujo, 398;Bairro Areias;63500000;Iguatu;CE;(88) 35811204;saspmiguatu@yahoo.com.br;;1;;;;;;;1;1;$67.628,00;$3,49;1;;$1,00;200;1;;;1;1;1;;;1;;1;;;;;;;;;;;;;;;;;;;;;;;;;-634734878196481;-3931109912268440
1700301;170030;1700301;17;1;6572;2;1;1;0;;6047;0;0;;;3025;COZINHA COMUNITARIA;Rua do Ouro,;HIDROFERROVIARIO;77908000;Aguiarnopolis;TO;(63) 34541329;crasdeaguiar@gmail.com;crasdeaguiar@gmail.com;1;;;;;1;;1;0;;;0;;$0,01;;0;;;;;;;;;;1;;;;;;;;;;;;;;;;;;99;;;;;;;-6563;-47466
2312106;231210;2312106;23;2;17622;3;1;1;0;;6047;0;0;;;3609;MARIA EDVAN COELHO RODRIGUES;RUA TRAVESSA CORONEL JOSE CARLOS S/N.;CENTRO;63190-000;Santana do Cariri;CE;(88) 35451267;smassantana2018@gmail.com;;1;;;;;;;1;0;;$12,00;1;;$0,00;80;0;;;;;;;;;;1;;;;;;;;;;;;;;;;;;1;;;;;;;-7.1881434492370704E+16;-3973729133605950
4204202;420420;4204202;42;4;216654;6;4;1;0;;6047;1;0;;;3661;Cozinha Comunitaria;Avenida Senador Atilio Fontana, Parque de Exposicao Tancredo de Almeida Neves;Efapi;89812-000;Chapeco;SC;(49) 33191225;segurancaalimentar@chapeco.sc.gov.br;Nao;1;;;;1;;;1;1;$290.900,00;$11,71;1;;$0,00;150;0;;;;;;;;;;1;;;;;;;;;;;;;;;;;;0;;;;;;;-2.7095254821776E+16;-526591444015503
3142809;314280;3142809;31;3;20999;4;1;1;0;;6047;0;0;;;3410;Cozinha Comunitaria;r. Leocadio de Souza Reis;Flamengo;38420-000;Monte Alegre de Minas;MG;(34) 32830530;montesocial@hotmail.com;www.montealegre.mg.gov.br;1;;;;;;;1;1;$90.000,00;$9,00;1;;$0,00;30;0;;;;;;;;;;1;;;;;;;;;;;;;;;;;;1;;;;;;;-1887735645786510;-4887613534927360
2111201;211120;2111201;21;2;176321;6;3;1;0;;6047;0;0;;;3040;COZINHA ESCOLA MUNICIPAL;Av. Panaquatira;Outeiro;65110000;Sao Jose de Ribamar;MA;(98) 32242286;semas@sjr.ma.gov.br;WWW.SJR.MA.GOV.BR;1;;;;1;;;1;1;$315.000,00;$8,00;1;;$0,00;200;0;;;;;;;;;;1;;;;;;;;;;;;;;;;;;1;;;;;;;-2.55263421529613E+16;-4406833469867700
2111201;211120;2111201;21;2;176321;6;3;1;0;;6047;0;0;;;3680;Cozinha Escola Municipal;AV. Panaquatira;Outeiro;65110-000;Sao Jose de Ribamar;MA;(98) 32246804;semas@sjr.ma.gov.br;www.sjr.ma.gov.br;1;;;;1;;;1;1;$315.000,00;$8,00;1;;$0,00;200;0;;;;;;;;;;1;;;;;;;;;;;;;;;;;;1;;;;;;;-2.55251095610348E+16;-4.40684688091278E+16
2304103;230410;2304103;23;2;74982;5;2;1;1;20/mar/14;6047;0;0;2014;01/mar/14;3336;COZINHA COMUNITARIA PADRE ALFEDINHO;RUA BENEDITO BARROSO N° 345;CONJUNTO FREI DAMIAO;63700000;Crateus;CE;(88) 996185459;luciano.cleto@hotmail.com;nao tem;1;;;;;;;1;1;$329.200,00;$7,00;1;;$0,00;250;0;;;;;;;;;;1;;;;;;;;;;;;;;;;;;1;;;;;;;-5178567568876130;-4065010070800780
2507507;250750;2507507;25;2;800323;7;5;1;1;20/mar/14;6047;1;1;2014;01/mar/14;3585;Cozinha Comunitaria do Bairro dos Novais         Bairro dos Novais Bairro dos Novais;RUA, Santo Amaro, S/N;Bairro dos Novais;58088-550;Joao Pessoa;PB;(83) 32143477;sedes.dessan@joaopessoa.pb.gov.br;www.joaopessoa.pb.gov.br;1;;;;;;;1;1;$6.310.000,00;$7,00;1;;$0,00;200;0;;;;;;;;;;1;;;;;;;;;;;;;;;;;;1;;;;;;;-7154372475327240;-3.48991066217422E+16
2507507;250750;2507507;25;2;800323;7;5;1;1;20/mar/14;6047;1;1;2014;01/mar/14;3584;Cozinha comunitaria da Bela Vista comunidade Bela Vista;Rua , Fernando Cunha Lima, S/N - Bela Vista;Cristo;58071-480;Joao Pessoa;PB;(83) 32186150;sedes.dessan@joaopessoa.pb.gov.br;www.joaopessoa.pb.gov.br;1;;;;;;;1;1;$7.027,40;$7,00;1;;$0,00;200;0;;;;;;;;;;1;;;;;;;;;;;;;;;;;;;;;;;;;-7155410391232950;-3488393068313590
4305108;430510;4305108;43;4;504069;7;5;1;1;20/nov/13;6047;1;0;2013;01/nov/13;3454;Nucleo de Capacitacao Canyon;Rua da Esperanca, predio 2;Canyon;95100-001;Caxias do Sul;RS;(54) 39011467;;https://www.caxias.rs.gov.br/seg_publica/;1;;;;;;;1;1;$143.450,00;$6,27;1;;$0,00;270;0;;;;;;;;;;1;;;;;;;;;;;;;;;;;;1;;;;;;;-2.91191180397549E+16;-5118010997772210
4305108;430510;4305108;43;4;504069;7;5;1;1;20/nov/13;6047;1;0;2013;01/nov/13;3452;Cozinha Comunitaria Mariani;Rua Rachel Calliari Grazziotin, 40;Cidade Nova;95112-225;Caxias do Sul;RS;(54) 91236234;;;1;;;;1;1;;1;1;$95.633,20;$6,27;1;;$0,00;130;0;;;;;;;;;;1;;;;;;;;;;;;;;;;;;0;;;;;;;-2.91687658605492E+16;-5122224525594700
2309508;230950;2309508;23;2;21471;4;1;1;1;27/nov/14;6047;0;0;2014;01/nov/14;3120;COZINHA COMUNITARIA DIEGO E MIRELE;Av. Antonio Valdevino da Costa, 777, Bairro Sao Jose;Bairro Sao Jose;63520-000;Oros;CE;(88) 96242783;sasoros@bol.com.br;-;1;;;;;;;1;1;;$6,00;1;;$0,00;50;0;;;;;;;;;;1;;;;;;;;;;;;;;;;;;1;;;;;;;-6252528034578340;-3891529083251950
2507507;250750;2507507;25;2;800323;7;5;1;1;20/mar/14;6047;1;1;2014;01/mar/14;3408;Cozinha comunitaria do Residencial Gervasio Maia Gervasio Maia;Rua do Arco Quadra S/N;Gervasio Maia;58000-00;Joao Pessoa;PB;(83) 32201170;cozinhascomunitarias@gmail.com;www.joaopessoa.pb.gov.br;1;;;;;;;1;1;$6.310.000,00;$5,50;1;;$0,00;200;0;;;;;;;;;;1;;;;;;;;;;;;;;;;;;1;;;;;;;-7197553102136060;-3488247156143180
2307304;230730;2307304;23;2;271926;6;4;1;0;;6047;1;0;;;3146;COZINHA COMUNITARIA SAMUEL ANTONIO DO NASCIMENTO;Und 2: Rua do Horto S/N;- Bairro Horto;63012-010;Juazeiro do Norte;CE;(88) 988158355;sedest@juazeiro.ce.gov.br;https://www.juazeiro.ce.gov.br;1;;;;;;;1;1;$250.000,00;$5,09;2;;$0,00;300;0;;;;;;;;;;1;;;;;;;;;;;;;;;;;;;;;;;;;-7213;-39315
4316907;431690;4316907;43;4;280505;6;4;1;0;;6047;1;0;;;3501;Sociedade Meridional de Educacao (SOME);Rua Irmao Claudio Rohr, nº 150;Santa Marta;97001-970;Santa Maria;RS;(55) 32115200;fbinotto@sesc-rs.com.br;;1;;;;;;;3;0;;$5,00;0;;$0,00;861;0;;;;;;;;;;1;;;;;;;;;;;;;;;;;;;;;;;;;-2968273059583180;-5385567247867580
4316907;431690;4316907;43;4;280505;6;4;1;0;;6047;1;0;;;3500;Obras Sociais do Centro Espirita Fraternidade Chico Xavier;Travessa Gramado, sn;Vila lorenzi;97070-570;Santa Maria;RS;(55) 91341091;fratchicoxavier@hotmail.com;;1;;;;;;;3;0;;$5,00;0;;$0,00;100;0;;;;;;;;;;1;;;;;;;;;;;;;;;;;;;;;;;;;-2.9728245836257E+16;-5381694563102720
4316907;431690;4316907;43;4;280505;6;4;1;0;;6047;1;0;;;3306;Obra Social Nossa Senhora do Trabalho;Oliveira Mesquita, 10;Salgado Filho;97100-000;Santa Maria;RS;(55) 91484365;paroquiaperpetuosocorro@gmail.com;nao;1;;;;;;;98;0;;$5,00;0;;$0,00;250;0;;;;;;;;;;1;;;;;;;;;;;;;;;;;;;;;;;;;-2.96748627831485E+16;-5382576205205910
4317509;431750;4317509;43;4;77620;5;2;1;0;;6047;0;0;;;3335;Cozinha Comunitaria;Rua Osvaldo Cruz, 261 predio 2;Sepe;98802-640;Santo Angelo;RS;(55) 33131560;assistenciasocial@santoangelo.rs.gov.br;www.santoangelo.rs.gov.br;1;;;;;;;1;99;;$5,00;2;;$0,00;90;0;;;;;;;;;;1;;;;;;;;;;;;;;;;;;1;;1;;1;;;-28299;-54263
4127205;412720;4127205;41;4;16984;3;1;1;1;21/mar/16;6047;0;0;2016;01/mar/16;3385;Cozinha Comunitaria;venida Melvin Jones, 1169;Vila da Fraternidade;87240-000;Terra Boa;PR;(44) 36411425;e_profissionalizante@hotmail.com;terraboa.pr.gov.br;1;;;;;;;1;0;;$5,00;1;;$0,00;60;0;;;;;;;;;;1;;;;;;;;;;;;;;;;;;0;;;;;;;-2.37771174308688E+16;-5.24525499343872E+16
4316907;431690;4316907;43;4;280505;6;4;1;0;;6047;1;0;;;3307;CCI- Carolina;Rua Pedro Alvarez Cabral – 218, Vila Carolina;carolina;97043500;Santa Maria;RS;(55) 99562217;oscollares@hotmail.com;nao;1;;;;1;;;2;1;$25.000,00;$5,00;2;;$0,00;240;0;;;;;;;;;;1;;;;;;;;;;;;;;;;;;;;;;;;;-2967969773464270;-538226847963341
4316907;431690;4316907;43;4;280505;6;4;1;0;;6047;1;0;;;3502;Capela Sao Pedro - Paroquia Santa Catarina;Rua Irai, nº 49;Vila Persio Reis;97090-300;Santa Maria;RS;(55) 32171561;cozinhacapelasaopedro@gmail.com;;1;;;;;;;3;0;;$5,00;0;;$0,00;367;0;;;;;;;;;;1;;;;;;;;;;;;;;;;;;;;;;;;;-2.96779179358241E+16;-5378757812452310
4316907;431690;4316907;43;4;280505;6;4;1;0;;6047;1;0;;;3499;Associacao Espirita Francisco Spinelli;Rua S, nº 10;Vila Por do Sol;97037-000;Santa Maria;RS;(55) 32121800;aefspinelli@yahoo.com.br;;1;;;;;;;3;0;;$5,00;0;;$0,00;123;0;;;;;;;;;;1;;;;;;;;;;;;;;;;;;;;;;;;;-2.96818934569737E+16;-5386172511053080
4316907;431690;4316907;43;4;280505;6;4;1;0;;6047;1;0;;;3498;Arsele - Associacao de Reciclagem Seletiva de Lixo;Av. Borges de Medeiros, nº 511;Km 02;97010-081;Santa Maria;RS;(55) 84332284;arselereciclagem@yahoo.com.br;Nao;1;;;;;;;3;0;;$5,00;0;;$0,00;70;0;;;;;;;;;;1;;;;;;;;;;;;;;;;;;1;;;;;;;-296814123111193;-5382648045649720
4314902;431490;4314902;43;4;1479101;7;5;1;1;27/nov/14;6047;1;1;2014;01/nov/14;3106;Associacao dos Amigos da Casa da Sopa;Rua Joao Antonio da Silveira, 2741;Restinga;91790400;Porto Alegre;RS;(51) 32459000;;nao tem;1;;;;;;;2;0;;$4,50;2;;$0,00;150;1;;;;;1;1;;;;1;;;;;;;;;;;;;;;;;;99;;;;;;;-30033;-51.23
4314902;431490;4314902;43;4;1479101;7;5;1;1;27/nov/14;6047;1;1;2014;01/nov/14;3481;Associacao Comunitaria Belem Velho, - ASCOBEV;Pca NªSrªde Belem,41;Belem Velho;91712-240;Porto Alegre;RS;(51) 92134790;ascobev@hotmail.com;nao tem;1;;;;;;;2;0;;$4,50;2;;$0,00;120;0;;;;;;;;;;1;;;;;;;;;;;;;;;;;;0;;;;;;;-3011470977999150;-5117944478988640
4203808;420380;4203808;42;4;54319;5;2;1;1;20/nov/13;6047;0;0;2013;01/nov/13;3054;Cozinha Comunitaria do Campo D Agua Verde;Avenida dos Expedicionarios,;Campo da Agua Verde;89460000;Canoinhas;SC;(47) 3622641;sancanoinhas@pmc.sc.gov.br;Nao possui;1;;;;1;;;1;99;;$4,00;0;;$0,00;142;0;;;;;;;;;;1;;;;;;;;;;;;;;;;;;1;;;;;;;-261851145278007;-5.03654050827026E+16
2307304;230730;2307304;23;2;271926;6;4;1;0;;6047;1;0;;;3144;COZINHA COMUNITARIA  JOSE RODRIGUES DE AQUINO;Und 4: Rua Pio Noroes c/ Rua das Flores S/N;Bairro Joao Cabral;63051-150;Juazeiro do Norte;CE;(88) 988158355;sedest@juazeiro.ce.fov.br;www.juazeiro.ce.gov.br;1;;;;;;;1;1;$155.969,24;$4,00;2;;$0,00;200;0;;;;;;;;;;1;;;;;;;;;;;;;;;;;;1;;;;;;;-7232855816713120;-3.93185351514816E+16
2307304;230730;2307304;23;2;271926;6;4;1;0;;6047;1;0;;;3147;COZINHA COMUNITARIA VILA NOVA;Und 1: Tv. Joao balbino s/nº;Bairro Vila Nova;63000-000;Juazeiro do Norte;CE;(88) 988158355;sedest@juazeiro.ce.gov.br;www.juazeiro.ce.gov.br;1;;;;;;;1;1;$250.000,00;$3,80;1;;$0,00;200;0;;;;;;;;;;1;;;;;;;;;;;;;;;;;;1;;;;;;;-7213;-39315
4209300;420930;4209300;42;4;157743;6;3;1;1;27/nov/14;6047;0;0;2014;01/nov/14;3080;Cozinha Comunitaria do Municipio de Lages;Rua Padre Ludovico Kuck, 968;Guaruja;88521400;Lages;SC;(49) 32256632;cozinhacomunitaria.lages@hotmail.com;nao possui;1;;;;;;;1;1;$180.000,00;$2,80;1;;$0,00;130;0;;;;;;;;;;1;;;;;;;;;;;;;;;;;;1;;;;;;;-277693089;-502949516
4109005;410900;4109005;41;4;3820;1;1;1;1;03/ago/16;6047;0;0;2016;01/ago/16;3298;Cozinha Comunitaria de Guapirama;Rua Parana, S/N;Centro;87670000;Guapirama;PR;(43) 35731122;gestao_guapirama@hotmail.com;www.guapirama.pr.gov.br;1;;;;;;;1;1;$245.000,00;$2,00;1;;$0,00;;1;;;;;1;;;;;1;;;;;;;;;;;;;;;;;;;;;;;;;-2.35186239571154E+16;-5004273533821100
5215900;521590;5215900;52;5;3589;1;1;1;0;;2018;0;0;;;3688;Centro Municipal Mauro Lemes Martins;Rua E Qd 17 Lt 10/11;Jardim das Oliveiras;75990-000;Palminopolis;GO;(64) 992778823;sme_palminopolis@hotmail.com;Nao;1;;1;;;;;1;1;$335.819,46;$1,80;1;;$0,00;60;0;;;;;;;;;;1;;;;;;;;;;;;;;;;;;0;;;;;;;-1679511235960450;-5.01543688774108E+16
2507507;250750;2507507;25;2;800323;7;5;1;1;20/mar/14;6047;1;1;2014;01/mar/14;3313;Cozinha Comunitaria do Timbo Timbo;Unid. 2 - Rua Antonio Dias de Freitas, S/N;Timbo Bancarios;58051750;Joao Pessoa;PB;(83) 32189360;cozinhascomunitariaspmjp@gmail.com;www.joaopessoa.pb.gov.br;1;;;;;;;1;1;$6.310.000,00;;1;;$0,00;200;0;;;;;;;;;;1;;;;;;;;;;;;;;;;;;1;;;;;;;-7146585369460510;-3.48314666748046E+16
1302603;130260;1302603;13;1;2145444;7;5;1;0;;6047;1;1;;;3381;Cozinha Comunitaria Vila da Felicidade;Rua Sao Sebastiao,s/n - Vila da Felicidade;Mauazinho;69075-350;Manaus;AM;(92) 988422932;seguranca.alimentar@pmm.am.gov.br;Nao;1;;;;;;;1;1;;;0;;$0,00;200;0;;;;;;;;;;1;;;;;;;;;;;;;;;;;;1;;1;1;1;1;1;-3132802914764500;-5994067668914790
1302603;130260;1302603;13;1;2145444;7;5;1;0;;6047;1;1;;;3384;Cozinha Comunitaria Val Paraiso;Rua Paramacaxi (Ramal Nova Esperanca), S/N - Val Paraiso;Jorge Teixeira IV;69088-308;Manaus;AM;(92) 988422932;seguranca.alimentar@pmm.am.gov.br;Nao;1;;;;;;;1;1;;;0;;$0,00;200;0;;;;;;;;;;1;;;;;;;;;;;;;;;;;;1;;1;1;1;1;1;-3.00938425291119E+16;-5.9925227165222096E+16
1302603;130260;1302603;13;1;2145444;7;5;1;0;;6047;1;1;;;3383;Cozinha Comunitaria Santo Agostinho;Rua Jerico,s/n Esquina com Rua Jerusalem;Santo Agostinho;69000-000;Manaus;AM;(92) 988422932;seguranca.alimentar@pmm.am.gov.br;Nao;1;;;;;;;1;1;;;0;;$0,00;200;0;;;;;;;;;;1;;;;;;;;;;;;;;;;;;1;;1;1;1;1;1;-3.09088288378379E+16;-6006199836730950
1302603;130260;1302603;13;1;2145444;7;5;1;0;;6047;1;1;;;3379;Cozinha Comunitaria Panair;Rua Beira Mar,10;Educandos;69070-020;Manaus;AM;(92) 988422392;seguranca.alimentar@pmm.am.gov.br;Nao;1;;;;;;;1;1;;;0;;$0,00;200;0;;;;;;;;;;1;;;;;;;;;;;;;;;;;;1;;1;1;1;1;1;-3145786750524780;-6.0010371208190896E+16
1302603;130260;1302603;13;1;2145444;7;5;1;0;;6047;1;1;;;3380;Cozinha Comunitaria Oliveira Machado;Travessa Fco de Queiroz,s/n;Colonia Oliveira Machado;69000-000;Manaus;AM;(92) 988422932;seguranca.alimentar@pmm.am.gov.br;Nao;1;;;;;;;1;1;;;0;;$0,00;200;0;;;;;;;;;;1;;;;;;;;;;;;;;;;;;1;;1;1;1;1;1;-3.14775252346146E+16;-6000108003616330
2919207;291920;2919207;29;2;195095;6;3;1;0;;6047;0;0;;;3308;COZINHA COMUNITARIA DE PORTAO;RUA NOVA ESPERANCA, S/N;PORTAO;42700000;Lauro de Freitas;BA;(71) 33699942;lfdesan@gmail.com;Nao possui;1;;;;;;;1;99;;;1;;$0,00;350;0;;;;;;;;;;1;;;;;;;;;;;;;;;;;;99;;;;;;;-1289242;-383127691
1302603;130260;1302603;13;1;2145444;7;5;1;0;;6047;1;1;;;3382;Cozinha Comunitaria Colonia Antonio Aleixo;Rua Padre Mario,21 - Comunidade 11 de Maio;Colonia Antonio Aleixo;69008-120;Manaus;AM;(92) 988422932;seguranca.alimentar@pmm.am.gov.br;Nao;1;;;;;;;1;1;;;0;;$0,00;200;0;;;;;;;;;;1;;;;;;;;;;;;;;;;;;1;;1;1;1;1;1;-3.10325659036781E+16;-5.9897053241729696E+16
1700301;170030;1700301;17;1;6572;2;1;1;0;;6047;0;0;;;3583;COZINHA COMUNITARIA;RUA DO OURO;SETOR HIDROFERROVIARIO;77908-000;Aguiarnopolis;TO;(63) 34541329;assistesocialaguiar2013@hotmail.com;assistesocialaguiar2013@hotmail.com;1;;;;;;;1;1;$35.000,00;;0;;$0,00;;0;;;;;;;;;;1;;;;;;;;;;;;;;;;;;99;;;;;;;-6563;-47466
2312502;231250;2312502;23;2;7691;2;1;1;0;;6047;0;0;;;3530;COZINHA COMUNITARIA;RUA DANIEL RODRIGUES;CENTRO;62965-000;Sao Joao do Jaguaribe;CE;(88) 34201121;sassjjce@yahoo.com.br;sassjjce@yahoo.com.br;1;;;;;;;1;1;$8.000,00;;0;;$0,00;;0;;;;;;;;;;1;;;;;;;;;;;;;;;;;;;;;;;;;-5271;-38274
4127908;412790;4127908;41;4;8599;2;1;1;1;13/dez/16;4033;0;0;2016;01/dez/16;3524;Cozinha Comunitaria;Rua Parana, n° 327;Centro;87450-000;Tuneiras do Oeste;PR;(44) 36531222;pirestita@hotmail.com;;1;;;;;;;2;1;$34.500,00;;0;;$0,00;;0;;;;;;;;;;1;;;;;;;;;;;;;;;;;;;;;;;;;-23871;-52876
4116802;411680;4116802;41;4;5550;2;1;1;0;;4033;0;0;;;3528;COMUNIDADE CAPELA SAO SEBASTIAO;RUA CURITIBA;DISTRITO GEREMIAS LUNARDELLI;87330-000;Nova Cantu;PR;(44) 35271223;;;1;;1;;;;;2;0;;;99;;$0,00;100;0;;;;;;;;;;1;;;;;;;;;;;;;;;;;;;;;;;;;-2472545994202680;-5263606595420830
2313203;231320;2313203;23;2;25731;4;1;1;1;20/nov/13;6047;0;0;2013;01/nov/13;3378;COZINHA COMUNITARIA MARIA PEREIRA DA LUZ;RUA FRANKLIN CAVALCANTE , S/N;MONTE CASTELO;63750-000;Tamboril;CE;(88) 36171140;setastamboril@hotmail.com;;1;;;;;;;1;1;$54.000,00;;1;;$0,00;65;0;;;;;;;;;;1;;;;;;;;;;;;;;;;;;1;;1;;;;;-483583945646854;-4032986640930170
1722107;172210;1722107;17;1;11561;3;1;1;0;;6047;0;0;;;3245;COZINHA COMUNITARIA DE XAMBIOA;Rua MANOEL DE PINHO, Nº01;VL NSª SRª DA CONCEICAO;77880000;Xambioa;TO;(63) 34732278;semasxambioa@hotmail.com;;1;;;;;;;1;0;;;2;;$0,00;100;0;;;;;;;;;;1;;;;;;;;;;;;;;;;;;0;;;;;;;-6413971237038760;-4.8531246185302704E+16
3126208;312620;3126208;31;3;9431;2;1;1;0;;2018;0;0;;;3683;COZINHA COMUNITARIA MUNICIPAL;RUA SANCLE VALADARES;CENTRO;38690-000;Formoso;MG;(38) 36471111;crasformoso@gmail.com;nao possui;1;;;;1;;;1;99;;;1;;$0,00;220;0;;;;;;;;;;1;;;;;;;;;;;;;;;;;;1;;;;;;;-1.49515848181096E+16;-4623154163360590
2312106;231210;2312106;23;2;17622;3;1;1;0;;6047;0;0;;;3174;MARIA EDVAN COELHO RODRIGUES;Rua Travessa Coronel Jose Carlos, S/N, Bairro Centro;Centro;63190-000;Santana do Cariri;CE;(88) 35451267;;;1;;;;;;;1;0;;;1;;$0,00;80;0;;;;;;;;;;1;;;;;;;;;;;NAO ESTA PARALIZADA;;;;;;;;;;;;;;-7.1881434492370704E+16;-3973726987838740
2112704;211270;2112704;21;2;55841;5;2;1;1;11/out/17;6047;0;0;2017;01/out/17;3000;Cozinha comunitaria de Vargem Grande;Rua Balaiada;Centro;65430-000;Vargem Grande;MA;(98) 34611340;semastvg@hotmail.com;semastvg@hotmail.com;1;;1;;1;;;2;99;;$2,00;2;;$10,00;1000;0;;;;;;;;;;0;;;;;;;;;;;;;;;;;;0;;;;;;;-3544518506253540;-4.3915185928344704E+16
4116802;411680;4116802;41;4;5550;2;1;1;0;;4033;0;0;;;3529;cozinha comunitaria santo rei;avenida nagibe jafet;centro;87330-000;Nova Cantu;PR;(44) 91577309;;;1;;1;;;;;1;0;;$8,00;0;;$8,00;100;99;;;;;;;;;;0;;;;;;;;;;;;;;;;;;0;;;;;;;-24673;-52569
4314902;431490;4314902;43;4;1479101;7;5;1;1;27/nov/14;6047;1;1;2014;01/nov/14;3107;Nucleo Restinga Velha - Associacao Atletica Roma;Rua Milton Posolo de Oliveira, 115;Restinga Velha;91790000;Porto Alegre;RS;(51) 92351143;erminiaduarte@yahoo.com.br;nao tem;1;;;;;;;2;0;;$5,00;2;;$7,00;60;1;;;;;;;;;;0;;;;;;;;;;;;;;;;;;1;;1;;;;;-301155228;-511793764
2611606;261160;2611606;26;2;1637834;7;5;1;1;27/nov/14;6047;1;1;2014;01/nov/14;3420;Cozinha Comunitaria da Comunidade de Gurupe;Rua Gurupe, 253;Afogados;50830-170;Recife;PE;(81) 33556038;;Nao;1;;1;;1;;;1;0;;$11,63;2;;$3,00;85;1;;1;1;1;1;1;;;;0;;;;;;;;;;;;;;;;;;0;;;;;;;-80667014;-349102554
4128559;412855;4128559;41;4;8590;2;1;1;1;10/jul/17;6047;0;0;2017;01/jul/17;3139;Vila Rural Primavera;Rua Diogo Rui Medina, s/n na Comunidade de Sao Sebastiao;Sao Sebastiao;85845000;Vera Cruz do Oeste;PR;(45) 32678027;social@veracruz.pr.gov.br;www.veracruz.pr.gov.br;1;;;;;;;99;1;$4.500,00;$3,00;2;;$3,00;80;1;;;;1;1;;;1;;0;;;;;;;;;;;;;;;;;;;;;;;;;-2.49773249028882E+16;-5.3983404636383E+16
2903003;290300;2903003;29;2;13900;3;1;1;0;;6047;0;0;;;3125;Cozinha Comunitaria de Barra do Mendes;Rua Antonio Evaristo dos Santos, s/n - Bairro: Forum;Bairro: Forum;44990000;Barra do Mendes;BA;(74) 36541189;pm.barradomendes@gmail.com;www.barradomendes.ba.gov.br;1;;;;;;;98;99;;$2,40;99;;$3,00;30;1;;;;1;;;1;1;;0;;;;;;;;;;;;;;;;;;0;;;;;;;-1.1800019683319E+16;-4205716609954830
2919207;291920;2919207;29;2;195095;6;3;1;0;;6047;0;0;;;3309;COZINHA COMUNITARIA DE ITINGA;Estrada Dr. Mauricio,s/n;ITINGA;42700000;Lauro de Freitas;BA;(71) 32888668;lfdesan@gmail.com;NAO POSSUI;1;;;;;;;2;1;$947.760,00;$12,98;2;;$2,00;200;0;;;;;;;;;;0;;;;;;;;;;;;;;;;;;99;;;;;;;-1289242;-383127691
3119401;311940;3119401;31;3;109405;6;3;1;0;;2018;0;0;;;3641;Cozinha Comunitaria;Rua Q, S/N;Jardim primavera;35172-348;Coronel Fabriciano;MG;(31) 38469952;comsea@fabriciano.mg.gov.br;nao;1;;;;;;;1;1;$371.580,00;$10,00;2;;$2,00;250;1;;1;1;1;1;1;;;;0;;;;;;;;;;;;;;;;;;1;;1;1;;;;-195200067;-426282686
4310207;431020;4310207;43;4;83173;5;2;1;0;;6047;0;0;;;3185;Cozinha Comunitaria do Bairro Gloria;Rua Sepe Tiaraju;Gloria;98700000;Ijui;RS;(55) 33338845;smds@ijui.rs.gov.br;;1;;;;;;;1;1;$250.000,00;$3,50;2;;$2,00;200;0;;;;;;;;;;0;;;;;;;;;;;;;;;;;;;;;;;;;-28388;-53915
3506003;350600;3506003;35;3;374272;6;4;1;1;03/mai/16;6047;1;0;2016;01/mai/16;3164;Cozinha Comunitaria;Rua Higa Ancho, quadra 02-180;Nucleo Habitacional Pastor Arlindo Lopes Vianna;17031-608;Bauru;SP;(14) 32811089;aelesab.ferradura@hotmail.com;www.aelesab.org.br;1;;;;;;;3;1;$588.000,00;$7,70;1;;$1,00;200;0;;;;;;;;;;0;;;;;;;;;;;;;;;;;;0;;;;;;;-223223285;-49023196
5107040;510704;5107040;51;5;61038;5;2;1;0;;4033;0;0;;;3614;COZINHA COMUNITARIA MUNICIPAL;AV. FLORIANOPOLIS, 1233;CENTRO LESTE;78850-000;Primavera do Leste;MT;(66) 34989500;spscozinha@gmail.com;;1;;;;;;;1;1;$580.000,00;$7,00;1;;$1,00;300;0;;;;;;;;;;0;;;;;;;;;;;;;;;;;;;;;;;;;-1.55439576743297E+16;-5429117202758780
3539301;353930;3539301;35;3;75930;5;2;1;0;;2018;0;0;;;3648;Cozinha Comunitaria de Pirassununga;Rua: Francisco Eugenio Malamann, 30 Pirassununga/SP;Jd. Carlos Gomes;13633-06;Pirassununga;SP;(19) 35613549;nutricao.cozinhacomunitaria@pirassununga.sp.gov.br;www.pirassununga.sp.gov.br;1;;;;;;;1;1;$400.000,00;$3,86;1;;$1,00;100;0;;;;;;;;;;0;;;;;;;;;;;;;;;;;;1;;1;;1;;;-2.2016290279572E+16;-4742746353149410
2924009;292400;2924009;29;2;117014;6;3;1;0;;6047;0;0;;;3650;Cozinha Comunitaria Baixinho do Benone;Rua Amaralina, nº180;Benone Resende;48610-288;Paulo Afonso;BA;(75) 32816586;;;1;;;;;;;1;1;$2.128.660,00;$6,50;2;;$0,50;500;0;;;;;;;;;;0;;;;;;;;;;;;;;;;;;0;;;;;;;-9446606500269;-3822843074798580
2611606;261160;2611606;26;2;1637834;7;5;1;1;27/nov/14;6047;1;1;2014;01/nov/14;3451;Cozinha da Avenida Norte;Avenida Norte, Nº 5600;Casa Amarela;52280-680;Recife;PE;(81) 33552593;;Nao;1;;;;1;;;1;0;;$12,37;1;;$0,00;120;0;;;;;;;;;;0;;;;;;;;;;;;;;;;;;1;;;;;;;-8022488750277970;-3491427719593040
4314902;431490;4314902;43;4;1479101;7;5;1;1;27/nov/14;6047;1;1;2014;01/nov/14;3456;cozinha comunitaria Lar Esperanca;Rua Deodoro,250;Mario Quintana;91260-370;Porto Alegre;RS;(51) 33861153;laresperanca@terra.com.br;nao tem;1;;;;;;;2;0;;$6,00;2;;$0,00;300;0;;;;;;;;;;0;;;;;;;;;;;;;;;;;;1;;;;;;;-300359342;-511198821
4314902;431490;4314902;43;4;1479101;7;5;1;1;27/nov/14;6047;1;1;2014;01/nov/14;3474;Cozinha Comunitaria Centro social Marista Santa Isabel - CEMASI;Rua Mocambique,420;Rubem Berta/Mario Quintana;91260-530;Porto Alegre;RS;(51) 33876594;artesanato@maristas.org.br;nao tem;1;;;;;;;2;0;;$6,00;2;;$0,00;120;0;;;;;;;;;;0;;;;;;;;;;;;;;;;;;1;;1;;;;;-300323084;-511013232
4314902;431490;4314902;43;4;1479101;7;5;1;1;27/nov/14;6047;1;1;2014;01/nov/14;3105;Associacao de Moradores da Vila Tronco Neves e Arredores - AMAVITRON;Rua Caixa Economica, 605;Santa Tereza;90840610;Porto Alegre;RS;(51) 31310253;amavtron@hotmail.com;nao tem;1;;;;;;;2;0;;$6,00;2;;$0,00;100;0;;;;;;;;;;0;;;;;;;;;;;;;;;;;;1;;1;;;;;-300716751;-512238204
4314902;431490;4314902;43;4;1479101;7;5;1;1;27/nov/14;6047;1;1;2014;01/nov/14;3109;Centro Social Padre Pedro Leornardi;Rua Chacara do Banco, 71;Restinga;91790750;Porto Alegre;RS;(51) 84710641;pe.pedroleonardi@yahoo.com.br;nao tem;1;;;;;;;2;0;;$5,50;2;;$0,00;170;0;;;;;;;;;;0;;;;;;;;;;;;;;;;;;1;;1;;;;;-301663468;-511398982049447
4314902;431490;4314902;43;4;1479101;7;5;1;1;27/nov/14;6047;1;1;2014;01/nov/14;3110;Unidade de Triagem Reciclando pela Vida;Rua Julio  Olzewski, s/nº;Centro;90035000;Porto Alegre;RS;(51) 81700859;marinasouza@gmail.com;nao tem;1;;;;;;;2;0;;$4,50;0;;$0,00;30;0;;;;;;;;;;0;;;;;;;;;;;;;;;;;;0;;;;;;;-30033;-51.23
4314902;431490;4314902;43;4;1479101;7;5;1;1;27/nov/14;6047;1;1;2014;01/nov/14;3484;cozinha comunitaria Centro cultural james Kulisz;Rua Joaquim Porto Villanova, 143;Vila Pinto;;Porto Alegre;RS;(51) 33381044;medeiroscea@yahoo.com.br;nao tem;1;;;;;;;2;0;;$4,50;2;;$0,00;170;0;;;;;;;;;;0;;;;;;;;;;;;;;;;;;0;;;;;;;-30033;-51.23
4314902;431490;4314902;43;4;1479101;7;5;1;1;27/nov/14;6047;1;1;2014;01/nov/14;3108;Centro Vita;Rua Ernesto Liscano, 450 Parada 4;Lomba de Pinheiro;91540310;Porto Alegre;RS;(51) 33191664;giovani0800@hotmail.com;nao tem;1;;;;1;;;2;0;;$4,50;2;;$0,00;140;0;;;;;;;;;;0;;;;;;;;;;;;;;;;;;1;;1;;;;;-3.00899272407614E+16;-5112792491912840
2311405;231140;2311405;23;2;79081;5;2;1;0;;6047;0;0;;;3203;COZINHA COMUNITARIA DE QUIXERAMOBIM;TRAVESSA MARIA HERMOGENES;MARAVILHA;63800000;Quixeramobim;CE;(88) 34411849;sasquixeramobim@yahoo.com.br;NAO TEM;1;;;;;;;1;1;$120.000,00;$4,17;1;;$0,00;120;0;;;;;;;;;;0;;;;;;;;;;;;;;;;;;1;;1;;;;;-5203783767659060;-3929800987243650
3147105;314710;3147105;31;3;93101;5;2;1;0;;4033;0;0;;;3652;Associacao Comunitaria Bela Vista, B. Recanto da Lagoa e Bairro Santa Edwirges – ABEV;Rua Francisco Assis Marinho, nº 353;Bairro Recanto da Lagoa;35661-103;Para de Minas;MG;(37) 32327010;ass.belavista@hotmail.com;;1;;;;;;;3;1;$78.000,00;$3,60;1;;$0,00;100;0;;;;;;;;;;0;;;;;;;;;;;;;;;;;;1;;;;;1;;-1.98739747500195E+16;-4457541704177850
4209102;420910;4209102;42;4;583144;7;5;1;1;28/out/16;6047;1;0;2016;01/out/16;3562;COZINHA COMUNITARIA PAO DA VIDA;Rua  Natanael Amorim Vieira, s°n, lateral da Rua Kurt Meinert;Jardim Edilene;89245-000;Joinville;SC;(47) 346501657;contato@criancasemfome.org.br;www.criancasemfome.org.br;1;;;;;;;3;99;;$3,22;2;;$0,00;200;0;;;;;;;;;;0;;;;;;;;;;;;;;;;;;;;;;;;;-2633196075294670;-4.8800647258758496E+16
4209102;420910;4209102;42;4;583144;7;5;1;1;28/out/16;6047;1;0;2016;01/out/16;3570;COZINHA COMUNITARIA AMIGUNHOS DE CRISTO;Rua Cidade de Barretos, s/n, esquina com a Rua Max Pruner, ao lado da Igreja Madre Paulina;Ulisses Guimaraes;89230-666;Joinville;SC;(47) 34650165;contato@criancasemfome.org.br;;1;;;;;;;3;1;$274.000,00;$3,22;2;;$0,00;200;0;;;;;;;;;;0;;;;;;;;;;;;;;;;;;;;;;;;;-2632719131573420;-487925148010254
3529500;352950;3529500;35;3;5413;2;1;1;0;;6047;0;0;;;3169;Cozinha Comunitaria de Mendonca;Av. Adib Kfouri,;Centro;15220000;Mendonca;SP;(17) 991254276;merenda@mendonca.sp.gov.br;www.mendonca.sp.gov.br;1;;;;;;;1;99;;$2,50;1;;$0,00;1200;0;;;;;;;;;;0;;;;;;;;;;;;;;;;;;99;;;;;;;-211838813;-49579059
4307500;430750;4307500;43;4;15584;3;1;1;0;;6047;0;0;;;3400;cimes;rua etelvino lupatini;Arroio;99400-000;Espumoso;RS;(54) 33834450;kettyrp@ibest.com.br;espumo_rs@hotmail.com;1;;;;;1;;3;1;$210.000,00;$1,76;0;;$0,00;100;0;;;;;;;;;;0;;;;;;;;;;;;;;;;;;;;;;;;;-2.87374093157889E+16;-5285213470458980
2309706;230970;2309706;23;2;83157;5;2;1;0;;6047;0;0;;;3007;COZINHA COMUNITARIA VILA DAS FLORES;Und 3: Av. Valdomiro do Nascimento Souza Rua 12, S/Nº;Bairro SANTA MARTA;61800000;Pacatuba;CE;(85) 33452321;smaspacatuba@ig.com.br;;1;;;;;;;98;1;$26.994,00;$1,40;1;;$0,00;250;0;;;;;;;;;;0;;;;;;;;;;;;;;;;;;;;;;;;;-3.89266373382608E+16;-3.8621299266815104E+16
3123601;312360;3123601;31;3;27823;4;1;1;0;;2018;0;0;;;3654;Sopao;Rua santa catarina 420;Nossa senhora aparecida;37110-000;Eloi Mendes;MG;(35) 32641398;social@eloimendes.mg.gov.br;Nao possui;1;;;;;;;1;1;$23.000,00;;1;;$0,00;210;0;;;;;;;;;;0;;;;;;;;;;;;;;;;;;0;;;;;;;-2.15972878000629E+16;-4555953025817870
3123601;312360;3123601;31;3;27823;4;1;1;0;;2018;0;0;;;3658;Sopao;Rua nica palmeira 54;sao cristovao;37110-000;Eloi Mendes;MG;(35) 32641398;social@eloimendes.mg.gov.br;Nao possui;1;;;;;;;1;1;$23.000,00;;1;;$0,00;210;0;;;;;;;;;;0;;;;;;;;;;;;;;;;;;0;;;;;;;-2.16072830125123E+16;-4555257797241210
3123601;312360;3123601;31;3;27823;4;1;1;0;;2018;0;0;;;3659;Sopao;Rua Maria Pereira de Souza 151;Vila freitas;37110-000;Eloi Mendes;MG;(35) 32641398;social@eloimendes.mg.gov.br;Nao possui;1;;;;;;;1;1;$23.000,00;;1;;$0,00;210;0;;;;;;;;;;0;;;;;;;;;;;;;;;;;;0;;;;;;;-216065287;-455725408
4123204;412320;4123204;41;4;3376;1;1;1;0;;2018;0;0;;;3701;Santa Cecilia do Pavao;Rua: Jeronimo Farias Martins;Monte Castelo;86225-000;Santa Cecilia do Pavao;PR;(43) 32701587;;;1;;;;;;;1;0;;;2;;$0,00;15;0;;;;;;;;;;0;;;;;;;;;;;;;;;;;;1;;;;;;;-2352067999864030;-5078100800514220
4107256;410725;4107256;41;4;8621;2;1;1;1;21/mar/16;4033;0;0;2016;01/mar/16;3644;Cozinha Comunitaria Vila Formosa;Rua Massato Nakamura;Vila Formosa;87485-000;Douradina;PR;(44) 36636039;assistenciasocial@yahoo.com.br;;1;;;;;;;98;99;;;0;;$0,00;;99;;;;;;;;;;0;;;;;;;;;;;;;;;;;;0;;;;;;;-2347607932282550;-533048701286316
4202404;420240;4202404;42;4;352460;6;4;1;1;27/nov/14;6047;1;0;2014;01/nov/14;3041;Cozinha Comunitaria da Itoupavazinha;Rua Jacob Ineichen, s/n (proximo ao ESF Armando Odebrecht);Itoupavazinha;89066-600;Blumenau;SC;(47) 33387532;cozinhacomunitariaitoupavazinha@blumenau.sc.gov.br;nao possui;1;;;;1;;;1;1;$103.000,00;;0;;$0,00;;0;;;;;;;;;;0;;;;;;;;;;;;;;;;;;0;;;;;;;-26919;-49066
4304630;430463;4304630;43;4;52004;5;2;1;0;;4033;0;0;;;3579;COZINHA COMUNITARIA CRAS ARCO IRIS;RUA JULIO CASTILHOS, 997;ARCO IRIS;95555-000;Capao da Canoa;RS;(51) 36251103;cnutri2012@hotmail.com;;1;;;;;;;1;99;;;99;;$0,00;;99;;;;;;;;;;0;;;;;;;;;;;;;;;;;;;;;;;;;-29761;-50.03
4314902;431490;4314902;43;4;1479101;7;5;1;1;27/nov/14;6047;1;1;2014;01/nov/14;3477;Cozinha Comunitaria Associacao de Mulheres Loteamento Santa Teresinha;Rua Paraiba, 177;Floresta;90230-010;Porto Alegre;RS;(51) 89088383;;nao tem;1;;;;;;;3;0;;;0;;$0,00;30;0;;;;;;;;;;0;;;;;;;;;;;;;;;;;;99;;;;;;;-3001821;-512105571
4121901;412190;4121901;41;4;13112;3;1;1;0;;4033;0;0;;;3630;Cozinha Central;Rua Espirito Santo;centro;86490-000;Ribeirao do Pinhal;PR;(43) 35512246;nut.hamilton@uol.com.br;;1;;;;1;;;1;99;;;0;;$0,00;;0;;;;;;;;;;0;;;;;;;;;;;;;;;;;;0;;;;;;;-2.34088654633927E+16;-503563690185024
3549805;354980;3549805;35;3;456245;6;4;1;0;;6047;1;0;;;3657;Centro POP;Avenida Bady Bassit, 3697;Centro;15015-700;Sao Jose do Rio Preto;SP;(17) 32373000;centropop@riopreto.sp.gov.br;www.riopreto.sp.gov.br;1;;;;;1;;1;1;$2.100.000,00;;0;;$0,00;120;0;;;;;;;;;;0;;;;;;;;;;;;;;;;;;1;;;;;;;-208191452;-493967845
3504107;350410;3504107;35;3;141398;6;3;1;0;;6047;0;0;;;3390;Centro de Qualificacao Profissional;Rua Goncalves Dias s/nº - Jardim Cerejeiras;Jardim Cerejeiras;12950-000;Atibaia;SP;(11) 44027757;mbasile@atibaia.sp.gov.br;;1;;;;;;;1;1;$760.000,00;;0;;$0,00;;0;;;;;;;;;;0;;;;;;;;;;;;;;;;;;0;;;;;;;-231424055;-465806636
4120606;412060;4120606;41;4;51961;5;2;1;0;;4033;0;0;;;3590;ASSOCIACAO MORUNGAVA;XAXIM PROXIMO A PRACA DE PEDAGIO BR277;RURAL;84400-000;Prudentopolis;PR;(42) 34468000;;http://prudentopolis.pr.gov.br/Prudentopolis/publico/;1;;;;;;;99;0;;;0;;$0,00;;0;;;;;;;;;;0;;;;;;;;;;;;;;;;;;0;;;;;;;-2531264496906370;-5.11701107025146E+16
4120606;412060;4120606;41;4;51961;5;2;1;0;;4033;0;0;;;3588;NAO TEM;LINHA IVAI;RURAL;84400-000;Prudentopolis;PR;(42) 34468000;;http://prudentopolis.pr.gov.br/Prudentopolis/publico/;1;;;;;;;99;0;;;0;;$0,00;;0;;;;;;;;;;0;;;;;;;;;;;;;;;;;;99;;;;;;;-2.51246543695085E+16;-5.1045280694961504E+16
3547809;354780;3547809;35;3;716109;7;5;1;0;;6047;1;0;;;3427;Cozinhas Comunitarias - Joao Ramalho / Instituto Amigos da Beata Catarina e Judite Cittadini;Estrada da Cata Preta 2.567;Joao Ramalho;09170-000;Santo Andre;SP;(11) 44536633;sorpirri2@hotmail.com;Nao possui;1;;;;1;;;2;99;;;1;;$0,00;280;0;;;;;;;;;;0;;;;;;;;;;;;;;;;;;0;;;;;;;-236573395;-465322504
3547809;354780;3547809;35;3;716109;7;5;1;0;;6047;1;0;;;3445;Cozinha Comunitaria Casa Amarela / POP Rua;Av. Queiroz dos Santos  736;Centro;09133-090;Santo Andre;SP;(11) 44276207;casaamarela@santoandre.sp.gov.br;Nao possui;1;;;;1;;;3;99;;;1;;$0,00;100;0;;;;;;;;;;0;;;;;;;;;;;;;;;;;;1;;;;;;;-236573395;-465322504
3547809;354780;3547809;35;3;716109;7;5;1;0;;6047;1;0;;;3444;Cozinha Comunitaria - CAE Parque Miami;Rua Rio Mearim nº 50;Parque Miami;09133-090;Santo Andre;SP;(11) 49719171;viviane@apoio-sp.org.br;Nao possui;1;;;;1;;;3;0;;;1;;$0,00;100;0;;;;;;;;;;0;;;;;;;;;;;;;;;;;;0;;;;;;;-236573395;-465322504
3547809;354780;3547809;35;3;716109;7;5;1;0;;6047;1;0;;;3446;Cozinha Comunitaria - CAAP - Casa Assistencial e Educacional Amor ao Proximo - Creche Luz do Vale;Rua Alexandre Ribeiro 100;Jardim Utinga;09250-340;Santo Andre;SP;(11) 44613368;adrianaluzdovale@terra.com.br;Nao possui;1;;;;1;;;2;99;;;2;;$0,00;182;0;;;;;;;;;;0;;;;;;;;;;;;;;;;;;0;;;;;;;-236573395;-465322504
4105102;410510;4105102;41;4;10891;3;1;1;1;21/mar/16;6047;0;0;2016;01/mar/16;3425;COZINHA COMUNITARIA (COZINHA CENTRAL);Rua Desembargador Munhoz de Melo, 1164;CENTRO;86630-000;Centenario do Sul;PR;(43) 36751935;elainevd@outlook.com;www.centenariodosul.pr.gov.br;1;;;;;;;3;0;;;0;;$0,00;;0;;;;;;;;;;;;;;;;;;;;;;;;;;;;;;;;;;;-2.28220738035452E+16;-5159501552581780
4101408;410140;4101408;41;4;133726;6;3;1;0;;6047;0;0;;;3442;Vila Reis, Centro de Oficinas, COCAP e Distrito de Cx de Sao PEDRO;Vila Reis e Caixa de Sao Pedro na Escola, Cocap- Rua Travessa Palmeira 111;Distrito rural e periferia;86800-000;Apucarana;PR;(43) 34251511;sasapucarana@gmail.com;nao tem;3;;;;;;;;;;;;;;;;;;;;;;;;;;;;;;;;;;;;As cozinhas comunitarias do municipio estao em uso mais sendo utilizados por outros servicos fornecendo refeicoes para uma escola da Vila Reis,Secretaria da Mulher para fornecimento de lanches durante os cursos e atendiektno de idosos em outro servico;;;;;;;;;;;;;;-235460679882952;-5144318103790280
4101408;410140;4101408;41;4;133726;6;3;1;0;;6047;0;0;;;3653;Vila Reis, Centro de Oficinas, COCAP e ADEFIAP, QUALIFICACAO TOTAL;Vila Reis, Centro de Oficinas, COCAP e ADEFIAP, QUALIFICACAO TOTAL;Vila Reis, Centro de Oficinas, COCAP e ADEFIAP, QUALIFICACAO TOTAL;86800-000;Apucarana;PR;(43) 34251511;sasapucarana@gmail.com;sasapucarana@gmail.com;3;;;;;;;;;;;;;;;;;;;;;;;;;;;1;1;1;;;;;;;;;;;;;;;;;;;;;-23551;-51461
4113205;411320;4113205;41;4;47909;4;1;1;0;;6047;0;0;;;3409;Pastoral da Crianca e AGROALVES;Rua Barao do Rio Branco, 1229 e Estrada principal dos Alves, km 17;Centro e Alves;83750-000;Lapa;PR;(41) 36221246;;;3;;;;;;;;;;;;;;;;;;;;;;;;;;;;;;;;;;;;a cozinha e usada para cursos de manipulacao;;;;;;;;;;;;;;-257650933;-497154686
4314902;431490;4314902;43;4;1479101;7;5;1;1;27/nov/14;6047;1;1;2014;01/nov/14;3485;paralisado;rua voluntarios da Patria,1613;Centro;90230-010;Porto Alegre;RS;(51) 32263544;;;3;;;;;;;;;;;;;;;;;;;;;;;;;;;;;;;;;;;;;;;;;;;;;;;;;;-3.00265410954421E+16;-5121862649917600
2309706;230970;2309706;23;2;83157;5;2;1;0;;6047;0;0;;;3008;PARALISADA;Und 2: Conj. Senador Carlos Jereissati 2;JEREISSATI II;61800-000;Pacatuba;CE;(85) 33452321;;;3;;;;;;;;;;;;;;;;;;;;;;;;;;;;;;;;;;;;;;;;;;;;;;;;;;-3.8864553419903904E+16;-3860687971115110
2309706;230970;2309706;23;2;83157;5;2;1;0;;6047;0;0;;;3009;PARALISADA;Und 1: Rua Capitao Manoel Medeiros, nº 985, Sao Jose;Bairro Sao Jose;61800-000;Pacatuba;CE;(85) 33452321;;;3;;;;;;;;;;;;;;;;;;;;;;;;;;;;;;;;;;;;;;;;;;;;;;;;;;-3984;-38.62
3120805;312080;3120805;31;3;15358;3;1;1;0;;4033;0;0;;;3655;Municipio nao possui cozinha comunitaria;Municipio nao possui cozinha comunitaria;Municipio nao possui cozinha comunitaria;37445-000;Cruzilia;MG;(35) 33461455;social@cruzilia.mg.gov.br;Municipio nao possui cozinha comunitaria;3;;;;;;;;;;;;;;;;;;;;;;;;;;;;;;;;;;;;Municipio nao possui cozinha comunitaria;;;;;;;;;;;;;;-21839;-44808
3120805;312080;3120805;31;3;15358;3;1;1;0;;4033;0;0;;;3656;Municipio nao possui cozinha comunitaria;Municipio nao possui cozinha comunitaria;Municipio nao possui cozinha comunitaria;37445-000;Cruzilia;MG;(35) 33461455;social@cruzilia.mg.gov.br;PREFEITURA MUNICIPAL DE CRUZILIA;3;;;;;;;;;;;;;;;;;;;;;;;;;;;;;;;;;;;;Municipio nao possui cozinha comunitaria;;;;;;;;;;;;;;-21839;-44808
2300754;230075;2300754;23;2;43131;4;1;1;0;;6047;0;0;;;3165;Maria Nilce Gaspar de Sousa;Rua Antonio Tome Filho, s/n°, Na esquina, proximo ao Comercial Roberio 2;Bairro das Flores;62540000;Amontada;CE;(88) 36361412;sas_amontada@yahoo.com.br;nao tem;3;;;;;;;;;;;;;;;;;;;;;;;;;;;;;;;;;;;;;;;;;;;;;;;;;;-3368778681605090;-3.9817006587982096E+16
2312106;231210;2312106;23;2;17622;3;1;1;0;;6047;0;0;;;3581;MARIA EDVAN COELHO RODRIGUES;RUA TRAVESSA CORONEL JOSE CARLOS S/N;CENTRO;63190-000;Santana do Cariri;CE;(88) 35451267;smassantanadocariri2018@gmail.com;assistencia@santanadocariri.ce.gov.br;3;;;;;;;;;;;;;;;;;;;;;;;;;;;;;;;;;;;;;;;;;;;;;;;;;;-7188186027291150;-3973726987838740
2312106;231210;2312106;23;2;17622;3;1;1;0;;6047;0;0;;;3610;MARIA EDVAN COELHO RODRIGUES;RUA TRAVESSA CORONEL JOSE CARLOS;CENTRO;63190-000;Santana do Cariri;CE;(88) 35451267;smassantana2018@gmail.com;assitencia@santanadocariri.ce.gov.br;3;;;;;;;;;;;;;;;;;;;;;;;;;;;;;;;;;;;;;;;;;;;;;;;;;;-7188186027291150;-3973729133605950
4116059;411605;4116059;41;4;10700;3;1;1;0;;4033;0;0;;;3511;Lar dos Idosos;Rua Nossa Senhora da LUz;Centro;85890-000;Missal;PR;(45) 32442430;lisetenoss@hotmail.com;wwwmissal.pr.gov.br;3;;;;;;;;;;;;;;;;;;;;;;;;;;;;;;;;;;;;;;;;;;;;;;;;;;-25092;-54248
4314902;431490;4314902;43;4;1479101;7;5;1;1;27/nov/14;6047;1;1;2014;01/nov/14;3104;Forum ONG AIDS;R. 03 de abril, 90;Passo da Areia;90520200;Porto Alegre;RS;(51) 99772625;marciableao@uol.com.br;nao tem;3;;;;;;;;;;;;;;;;;;;;;;;;;;;;;;;;;;;;;;;;;;;;;;;;;;-300152258;-511781174
2707107;270710;2707107;27;2;24891;4;1;1;0;;6047;0;0;;;3259;Enedina Ventura;Avenida Batalha, s/n;Bairro Nossa Senhora da Saude;57460000;Piranhas;AL;(82) 36861361;assistenc.piranhas.al@outlook.com;;3;;;;;;;;;;;;;;;;;;;;;;;;;;;;;;;;;;;;;;;;;;;;;;;;;;-9624;-37757
2303402;230340;2303402;23;2;17747;3;1;1;0;;6047;0;0;;;3096;Edith Ribeiro Melo;Rua 22 de julho, 167, esquina com Rua Presidente Medici;Centro;62375000;Carnaubal;CE;(88) 36501140;conselho_carnaubal2017@outlook.com;;2;;;;;;;;;;;;;;;;;;;;;;;;;;;;;;;;;;;;;;;;1;;;;;;;;;;-4162041447792600;-4094228982925410
2310407;231040;2310407;23;2;11664;3;1;1;0;;6047;0;0;;;3323;Dom Helder Camara;Avenida Joaquim Farias s nº, Bairro Santa Cecilia;Bairro Santa Cecilia;62736000;Paramoti;CE;(85) 33201397;sec.dsocialparamoti@gmail.com;;3;;;;;;;;;;;;;;;;;;;;;;;;;;;;;;;;;;;;;;;;;;;;;;;;;;-4102265963519350;-3924258470535270
4314902;431490;4314902;43;4;1479101;7;5;1;1;27/nov/14;6047;1;1;2014;01/nov/14;3475;Desativada;Rua Arnaldo Borba, 193;Alto Teresopolis;90840-590;Porto Alegre;RS;(51) 85064840;;;3;;;;;;;;;;;;;;;;;;;;;;;;;;;;;;;;;;;;;;;;;;;;;;;;;;-300800118;-512230674
2301000;230100;2301000;23;2;79563;5;2;1;0;;6047;0;0;;;3149;CRAS Prainha;Un. 1:  Rua Alto Alegre, s/n;Bairro das Treze, Prainha;61700000;Aquiraz;CE;(85) 4062253;assistenciasocial@aquiraz.ce.gov.br;www.aquiraz.ce.gov.br;3;;;;;;;;;;;;;;;;;;;;;;;;;;;;;;;;;;;;;;;;;;;;;;;;;;-3.9032393027547904E+16;-3834803581237790
2301000;230100;2301000;23;2;79563;5;2;1;0;;6047;0;0;;;3148;CRAS Camara;Und. 2: Rua Jose Amora Moreira, localidade da Telha;Camara;61700-000;Aquiraz;CE;(85) 40628253;assistenciasocial@aquiraz.ce.gov.br;www.aquiraz.ce.gov.br;3;;;;;;;;;;;;;;;;;;;;;;;;;;;;;;;;;;;;;;;;;;;;;;;;;;-3.9027683288318096E+16;-3.8348829746246304E+16
2303709;230370;2303709;23;2;363982;6;4;1;1;27/nov/14;6047;1;0;2014;01/nov/14;3063;Cozinha Guadalajara;Rua Acapulco, s/n;Parque Guadalajara;61650-410;Caucaia;CE;(85) 32371292;crasguadalajara@sas.caucaia.ce.gov.br;;3;;;;;;;;;;;;;;;;;;;;;;;;;;;;;;;;;;;;;;;;;;;;;;;;;;-3.7630488154254896E+16;-3862020492553710
4304630;430463;4304630;43;4;52004;5;2;1;0;;4033;0;0;;;3699;Cozinha de Comunitaria;;Arco iris;95550-000;Capao da Canoa;RS;(51) 39951100;;;3;;;;;;;;;;;;;;;;;;;;;;;;;;;;;;;;;;;;;;;;;;;;;;;;;;-29761;-50.03
4305108;430510;4305108;43;4;504069;7;5;1;1;20/nov/13;6047;1;0;2013;01/nov/13;3453;Cozinha Comunitaria Tijuca;Rua Nair Degrandi Grazi, 248;Tijuca;95034-150;Caxias do Sul;RS;(54) 32115943;;;3;;;;;;;;;;;;;;;;;;;;;;;;;;;;;;;;1;1;;;;;;;;;;;;;;;;;-2.91628347072442E+16;-5120958557477410
4314902;431490;4314902;43;4;1479101;7;5;1;1;27/nov/14;6047;1;1;2014;01/nov/14;3482;cozinha comunitaria Sociedade Recreativa Beneficente Estado maior da Restinga;Estr. Joao antonio da Silveira,2355;Restinga;91790-879;Porto Alegre;RS;(51) 33877493;;nao tem;3;;;;;;;;;;;;;;;;;;;;;;;;;;;;;;;;1;;;;;;;;;;;;;;;;;;-3015436746629540;-5113796710968010
3303906;330390;3303906;33;3;305687;6;4;1;0;;6047;1;0;;;3046;Cozinha Comunitaria Retiro;1 -  Retiro: Rua Henrique Dias, nº 221;Retiro;25680301;Petropolis;RJ;(24) 22494245;setrac@petropolis.rj.gov.br;petropolis.rj.gov.br;3;;;;;;;;;;;;;;;;;;;;;;;;;;;;;;;;;;;;;;;;;;;;;;;;;;-22519963;-43192613
3547809;354780;3547809;35;3;716109;7;5;1;0;;6047;1;0;;;3448;Cozinha Comunitaria Parque Escola;Rua Anacleto Popote  46;Valparaiso;09060-850;Santo Andre;SP;(11) 33569051;parqueescola@santoandre.sp.gov.br;Nao possui;3;;;;;;;;;;;;;;;;;;;;;;;;;;;;;;;;;;;;;;;;;;;;;;;;;;-236573395;-465322504
2514800;251480;2514800;25;2;3723;1;1;1;0;;4033;0;0;;;3633;Cozinha Comunitaria Municipal;Rua Antonio Moura de Farias;Centro;58570-000;Sao Jose dos Cordeiros;PB;(83) 33091103;smassjcordeirospb@gmail.com;Nao ha site;3;;;;;;;;;;;;;;;;;;;;;;;;;;;;;;;;;;;;;;;;;;;;;;;;;;-7390016;-368067253
2303709;230370;2303709;23;2;363982;6;4;1;1;27/nov/14;6047;1;0;2014;01/nov/14;3518;Cozinha Comunitaria Metropole;Rua 127, nº 188;Nova Metropole;61658-220;Caucaia;CE;(85) 32132330;nutricionista@sas.caucaia.ce.gov.br;;3;;;;;;;;;;;;;;;;;;;;;;;;;;;;;;;;;;;;;;;;;;;;;;;;;;-3765992879245070;-3.86537218093872E+16
4314902;431490;4314902;43;4;1479101;7;5;1;1;27/nov/14;6047;1;1;2014;01/nov/14;3102;Cozinha Comunitaria Maria da Conceicao;Rua Farroupilha, 08;Partenom;90650000;Porto Alegre;RS;(51) 33222654;;;3;;;;;;;;;;;;;;;;;;;;;;;;;;;;;;;;;;;;a sociedade civil desistiu do equipamento;;;;;;;;;;;;;;-30033;-51.23
3170404;317040;3170404;31;3;83808;5;2;1;0;;6047;0;0;;;3207;Cozinha Comunitaria Mamoeiro;Und 3: Rua Dona Nina, 307;Bairro Mamoeiro;38610-000;Unai;MG;(38) 36774986;guilhermeribeiro@bol.com;www.prefeituraunai.mg.gov.br;3;;;;;;;;;;;;;;;;;;;;;;;;;;;;;;;;;;;;;;;;;;;;;;;;;;-1.6301495396497E+16;-4.69035538253784E+16
4314902;431490;4314902;43;4;1479101;7;5;1;1;27/nov/14;6047;1;1;2014;01/nov/14;3479;Cozinha comunitaria Instituto de Educacao e Desenvolvimento Humano;rua do Pescador, 1170;Ilha das Flores;90090-170;Porto Alegre;RS;(51) 95362300;marciosp@gmail.com;nao tem;3;;;;;;;;;;;;;;;;;;;;;;;;;;;;;;;;;;;;;;;;;;;;;;;;;;-299868871;-51256741
3523107;352310;3523107;35;3;366519;6;4;1;0;;6047;1;0;;;3547;Cozinha Comunitaria Horto do Ipe;Rua Tres, 222;Horto do IPE;08580-000;Itaquaquecetuba;SP;(11) 46422121;alimentar@itaquaquecetuba.sp.gov.br;;3;;;;;;;;;;;;;;;;;;;;;;;;;;;;;;;;;;;;;;;;;;;;;;;;;;-2.3477712880934E+16;-4628997087478630
2303709;230370;2303709;23;2;363982;6;4;1;1;27/nov/14;6047;1;0;2014;01/nov/14;3550;Cozinha Comunitaria Grilo;Rua Julia da Silva Oliveira, nº 852;Grilo;61600-370;Caucaia;CE;(85) 33428128;nutricionista@sas.caucaia.ce.gov.br;;3;;;;;;;;;;;;;;;;;;;;;;;;;;;;;;;;;;;;;;;;;;;;;;;;;;-3724598431286760;-386651372909546
3111200;311120;3111200;31;3;53866;5;2;1;0;;2018;0;0;;;3667;Cozinha Comunitaria Ewerton Pinto Moreira;Rua Policeno Maia, 465;Vila Arandutaba;37270-000;Campo Belo;MG;(00) 000000000;;nao tem;3;;;;;;;;;;;;;;;;;;;;;;;;;;;;;;;;;;;;;;;;;;;;;;;;;;-2.08977564928359E+16;-4526811361312860
2307700;230770;2307700;23;2;127098;6;3;1;0;;6047;0;0;;;3685;COZINHA COMUNITARIA ELIZABETH BEZERRA LIMA;Rua Gontran Nascimento;NOVO MARANGUAPE;61942-220;Maranguape;CE;(85) 33699205;;;3;;;;;;;;;;;;;;;;;;;;;;;;;;;;;;;;;;;;;;;;;;;;;;;;;;-3.88157422941864E+16;-3867746472358700
2303709;230370;2303709;23;2;363982;6;4;1;1;27/nov/14;6047;1;0;2014;01/nov/14;3549;Cozinha Comunitaria Edson da Mota Correia;Rua Jose de Pontes, s/n;Centro;61605-060;Caucaia;CE;(85) 33428095;nutricionista@sas.caucaia.ce.gov.br;;3;;;;;;;;;;;;;;;;;;;;;;;;;;;;;;;;;;;;;;;;;;;;;;;;;;-3.7379328709157104E+16;-3865374326705930
2313757;231375;2313757;23;2;19811;3;1;1;0;;6047;0;0;;;3260;COZINHA COMUNITARIA ECILDA UCHOA;Rua Rodao Paraiba 17;Centro;62660-000;Umirim;CE;(00) 000000000;;;3;;;;;;;;;;;;;;;;;;;;;;;;;;;;;;;;;;;;;;;;;;;;;;;;;;-3.6797199806837504E+16;-3934877157222210
4125357;412535;4125357;41;4;5698;2;1;1;1;03/ago/16;4033;0;0;2016;01/ago/16;3555;COZINHA COMUNITARIA DO CRAS;RUA ANTONIO BONATO  Nº 38;JARDIM NOVO HORIZONTE;75550-000;Sao Jorge do Patrocinio;PR;(44) 36348067;cras@sjpatrocinio.pr.gov.br;nao tem;3;;;;;;;;;;;;;;;;;;;;;;;;;;;;;;;;;;;;ela passou a ser local de realizacao de cursos;;;;;;;;;;;;;;-2.37659026080458E+16;-5388005018257100
4306809;430680;4306809;43;4;22520;4;1;1;0;;2018;0;0;;;3700;Cozinha Comunitaria do CRAS;Rua Duque de Caxias 1179;Centro;95960-000;Encantado;RS;(51) 37510127;coordenacras@encantado-rs.com.br;;3;;;;;;;;;;;;;;;;;;;;;;;;;;;;;;;;;;;;Demanda de outros servicos socioassistenciais de urgencia;;;;;;;;;;;;;;-2.9238701771779E+16;-5187297821044920
3171204;317120;3171204;31;3;125376;6;3;1;0;;4033;0;0;;;3597;Cozinha Comunitaria do Bairro Celvia;Rua Santa Catarina;Celvia;33200-000;Vespasiano;MG;(31) 36217871;acaosocial@vespasiano.mg.gov.br;;2;;;;;;;;;;;;;;;;;;;;;;;;;;;;;;;;;;;;;;;;1;;;;;;;;;;-1.96929687506162E+16;-4393514156341550
2309508;230950;2309508;23;2;21471;4;1;1;1;27/nov/14;6047;0;0;2014;01/nov/14;3119;COZINHA COMUNITARIA DIEGO E MIRELI;Av. Antonio Valdevino da Costa, 779,;Sao Jose;63520-000;Oros;CE;(88) 97710955;sasoros@bol.com.br;-;3;;;;;;;;;;;;;;;;;;;;;;;;;;;;;;;;;;;;;;;;;;;;;;;;;;-6249531156513310;-3.89153498411178E+16
1506187;150618;1506187;15;1;51903;5;2;1;0;;2018;0;0;;;3691;COZINHA COMUNITARIA DE RONDON DO PARA;RUA 1 DE MAIO, SN NUMERO;RECANTO AZUL;68638-000;Rondon do Para;PA;(94) 33261437;smpasrondon@hotmail.com;;3;;;;;;;;;;;;;;;;;;;;;;;;;;;;;;;;;;;;;;;;;;;;;;;;;;-4787665703270310;-4806850173292330
2308104;230810;2308104;23;2;46854;4;1;1;0;;6047;0;0;;;3121;Cozinha Comunitaria de Mauriti;Rua, SDO( Sem Denominacao Oficial );Bairro Bela Vista;63210000;Mauriti;CE;(88) 99245998;hosianamaialacerda06@hotmail.com;nao;2;;;;;;;;;;;;;;;;;;;;;;;;;;;;;;;;;;;;;;;;1;;;;;;;;;;-7370540764734430;-3877792911148070
3303906;330390;3303906;33;3;305687;6;4;1;0;;6047;1;0;;;3044;Cozinha Comunitaria de Madame Machado;3 -  Itaipava: Rua Geraldo Lourenco Dias,;Centro Comunitario de Madame Machado;25745710;Petropolis;RJ;(24) 22494298;setrac@petropolis.rj.gov.br;www.petropolis.rj.gov.br;3;;;;;;;;;;;;;;;;;;;;;;;;;;;;;;;;;;;;;;;;;;;;;;;;;;-22505;-43179
4113254;411325;4113254;41;4;5921;2;1;1;1;26/jul/18;4033;0;0;2018;01/jul/18;3521;cozinha comunitaria de Laranjal;Rua Sao Paulo;centro;85275-000;Laranjal;PR;(42) 36451141;social.laranjal@hotmail.com;;3;;;;;;;;;;;;;;;;;;;;;;;;;;;;;;;;;;;;;;;;;;;;;;;;;;-2488869443232870;-5247218370437620
2914604;291460;2914604;29;2;72386;5;2;1;0;;6047;0;0;;;3705;COZINHA COMUNITARIA DE FAZENDA NOVA;POVOADO DE FAZENDA NOVA;ZONA RURAL;44900-000;Irece;BA;(74) 999953752;;;2;;;;;;;;;;;;;;;;;;;;;;;;;;;;;;;;;;;;;;;;;;;;;;;;;;-1134890329863060;-4196467280387870
2300309;230030;2300309;23;2;53931;5;2;1;0;;6047;0;0;;;3612;Cozinha Comunitaria de Acopiara;Vila Esperanca;Vila Esperanca;63560-000;Acopiara;CE;(88) 35651283;stdsacopiara@hotmail.com;;2;;;;;;;;;;;;;;;;;;;;;;;;;;;;;;;;;;;;;;;;;;;;;;;;;;-60936464;-394543204
2300309;230030;2300309;23;2;53931;5;2;1;0;;6047;0;0;;;3662;Cozinha Comunitaria de Acopiara;Vila Esperanca;Vila Esperanca;63560-000;Acopiara;CE;(88) 35651283;stdsacopiara@hotmail.com;;2;;;;;;;;;;;;;;;;;;;;;;;;;;;;;;;;;;;;;;;;;;;;;;;;;;-6095;-39453
2111300;211130;2111300;21;2;1094667;7;5;1;1;20/mar/14;6047;1;1;2014;01/mar/14;3613;Cozinha Comunitaria da Vila Cascavel;Rua da Arvore, s/n;Vila Cascavel;65000-00;Sao Luis;MA;(98) 32126273;semsa2013@gmail.com;NAO POSSUI;3;;;;;;;;;;;;;;;;;;;;;;;;;;;;;;;;;;;;;;;;;;;;;;;;;;-2.59460059989063E+16;-4422465920448300
4301636;430163;4301636;43;4;13760;3;1;1;0;;6047;0;0;;;3611;Cozinha Comunitaria CRAS Tunel Verde;Rua K, 151;Tunel Verde;95599-000;Balneario Pinhal;RS;(51) 36824541;smash@balneariopinhal.rs.gov.br;;3;;;;;;;;;;;;;;;;;;;;;;;;;;;;;;;;;;;;;;;;;;;;;;;;;;-30247;-50233
4314902;431490;4314902;43;4;1479101;7;5;1;1;27/nov/14;6047;1;1;2014;01/nov/14;3483;cozinha comunitaria Comunidade Indigena kaingang;Av. Joao de Oliveira remiao,9105;Lomba do Pinheiro;91560-695;Porto Alegre;RS;(51) 95372290;samuel.krikre@gmail.com;;3;;;;;;;;;;;;;;;;;;;;;;;;;;;;;;;;;;;;;;;;;;;;;;;;;;-301187746;-511041163
3529005;352900;3529005;35;3;237130;6;4;1;0;;6047;1;0;;;3664;COZINHA COMUNITARIA CEPROM;RUA CATANDUVA, 611;ALTO CAFEZAL;17504-089;Marilia;SP;(14) 34540976;ceprom.sads@marilia.sp.gov.br;;3;;;;;;;;;;;;;;;;;;;;;;;;;;;;;1;;;1;;;;;;;;;;;;;;;;;;-2221231826809200;-4995792388916010
4314902;431490;4314902;43;4;1479101;7;5;1;1;27/nov/14;6047;1;1;2014;01/nov/14;3480;cozinha comunitaria Centro de Triagem da associacao de recicladores da Vila Chocolatao;AV. Protasio Alves, 9099;Mario Quintana;91260-000;Porto Alegre;RS;(51) 91060523;thomas_edson10@hotmail.com;nao tem;3;;;;;;;;;;;;;;;;;;;;;;;;;;;;;;;;;;1;;A sociedade civil nao quer continuar com a cozinha comunitaria;;;;;;;;;;;;;;-3004442075;-511065180016722
2303709;230370;2303709;23;2;363982;6;4;1;1;27/nov/14;6047;1;0;2014;01/nov/14;3548;Cozinha Comunitaria Araturi;Rua Central, s/n;Araturi;61655-490;Caucaia;CE;(85) 33428124;nutricionista@sas.caucaia.ce.gov.br;;3;;;;;;;;;;;;;;;;;;;;;;;;;;;;;;;;;;;;;;;;;;;;;;;;;;-3768861993677810;-3.8631513118743904E+16
2612208;261220;2612208;26;2;60604;5;2;1;0;;4033;0;0;;;3510;COZINHA COMUNITARIA AMUSA;RUA BUENO AIRES, 50;COHAB;56000-000;Salgueiro;PE;(87) 38716054;amusasalgueiro@hotmail.com;https://www.facebook.com/amusa.cozinha;3;;;;;;;;;;;;;;;;;;;;;;;;;;;;;;;;;;;;;;;;;;;;;;;;;;-80691725155462;-391394591331482
1706001;170600;1706001;17;1;5536;2;1;1;0;;6047;0;0;;;3089;COZINHA COMUNITARIA;Rua 05;Centro;77750000;Couto de Magalhaes;TO;(63) 34681125;assistenciasocialcouto@gmail.com;0;3;;;;;;;;;;;;;;;;;;;;;;;;;;;;;;;;;;;;;;;;;;;;;;;;;;-8360583;-491773955
2305209;230520;2305209;23;2;20352;4;1;1;0;;6047;0;0;;;3163;COZINHA COMUNITARIA;Rua Sete de Setembro, s n°;Centro;62270000;Hidrolandia;CE;(88) 36381668;hidrolandiasaste@gmail.com;;3;;;;;;;;;;;;;;;;;;;;;;;;;;;;;;;;;;;;Estamos aguardando o processo licitatorio para compra de materiais e alimentos para o funcionamento da Cozinha Comunitaria;;;;;;;;;;;;;;-4408;-40438
1501907;150190;1501907;15;1;28832;4;1;1;0;;2018;0;0;;;3649;Cozinha Comunitaria;Rua: Dom Pedro II, Nº 38 B;Centro;68670-000;Bujaru;PA;(91) 37461608;semteps_buj@hotmail.com;bujaru.pa.gov.br;3;;;;;;;;;;;;;;;;;;;;;;;;;;;;;;;;;;;;;;;;;;;;;;;;;;-1515732606902610;-4804617404937740
1508126;150812;1508126;15;1;57632;5;2;1;0;;4033;0;0;;;3623;Cozinha Comunitaria;RUA VITORIA;Resende II;68632-000;Ulianopolis;PA;(91) 99787098;smas.pmu@bol.com.br;;2;;;;;;;;;;;;;;;;;;;;;;;;;;;;;;;;;;;;;;;;1;;;;;;;;;;-3737033565417560;-4.7501235008239696E+16
1508407;150840;1508407;15;1;44410;4;1;1;0;;2018;0;0;;;3645;Cozinha Comunitaria;Rua Marechal Rondon lote 3 Qd 11 esquina com Joao Luiz p.carvalho;Setor Bela Vista;68555-000;Xinguara;PA;(94) 92251660;xinguara.social@gmail.com;;2;;;;;;;;;;;;;;;;;;;;;;;;;;;;;;;;;;;;;;;;;;;;;;;;;;-7096868256626340;-4.9943187832832304E+16
1706001;170600;1706001;17;1;5536;2;1;1;0;;6047;0;0;;;3621;Cozinha Comunitaria;Rua 05 s/n;Centro;77750-000;Couto de Magalhaes;TO;(63) 34681125;crascoutoto@gmail.com;0;3;;;;;;;;;;;;;;;;;;;;;;;;;;;;;;;;;;;;;;;;;;;;;;;;;;-8360583;-491773955
2104651;210465;2104651;21;2;10211;3;1;1;0;;2018;0;0;;;3702;Cozinha Comunitaria;Avenida JK;Centro;65363-000;Governador Newton Bello;MA;(98) 981737441;comseagnbello@hotmail.com;;3;;;;;;;;;;;;;;;;;;;;;;;;;;;;;;;;;;;;Inauguracao em breve. Mes de novembro;;;;;;;;;;;;;;-3426;-45676
2109759;210975;2109759;21;2;7719;2;1;1;1;17/abr/18;2018;0;0;2018;01/abr/18;3694;Cozinha Comunitaria;AVENIDA VALENTIM GOMES;CENTRO;65768-000;Santa Filomena do Maranhao;MA;(99) 35661049;;;2;;;;;;;;;;;;;;;;;;;;;;;;;;;;;;;;;;;;;;;;;;;;;;;;;;-5498196;-44558146
2302503;230250;2302503;23;2;49109;4;1;1;1;10/fev/17;6047;0;0;2017;01/fev/17;3269;Cozinha Comunitaria;Rua Manoel Leite de Moura, 1066, ao lado do Projeto ABC;Centro;63260000;Brejo Santo;CE;(88) 35311282;;;3;;;;;;;;;;;;;;;;;;;;;;;;;;;;;;;;;;;;Aguardando inauguracao;;;;;;;;;;;;;;-7493;-38985
2305902;230590;2305902;23;2;38205;4;1;1;1;27/nov/14;6047;0;0;2014;01/nov/14;3256;Cozinha Comunitaria;Rua Jose Miraugusto Campos Farias,sem numero;Centro;62230000;Ipueiras;CE;(88) 99597759;flaubertbrito@hotmail.com;nao tem;3;;;;;;;;;;;;;;;;;;;;;;;;;;;;;;;;;1;;;;;;;;;;;;;;;;;-4543222687906740;-4071345448493950
2928802;292880;2928802;29;2;52413;5;2;1;0;;6047;0;0;;;3466;Cozinha Comunitaria;Av. Passos Ferreira;Centro;44190-000;Santo Estevao;BA;(75) 32452641;andreaserra.semas@hotmail.com;www.santoestevao.ba.gov.br;2;;;;;;;;;;;;;;;;;;;;;;;;;;;;;;;;;;;;;;;;;;;;;;;;;;-12.43;-39251
3116159;311615;3116159;31;3;13397;3;1;1;0;;6047;0;0;;;3200;Cozinha Comunitaria;Rua idearte Alves de Souza, 180;Centro;39341000;Chapada Gaucha;MG;(38) 36341276;social@chapadagaucha.mg.gov.br;nao possui;3;;;;;;;;;;;;;;;;;;;;;;;;;;;;;;;;;;;;;;;;;;;;;;;;;;-1.52961486321816E+16;-4562381744384760
3119104;311910;3119104;31;3;23797;4;1;1;0;;6047;0;0;;;3525;Cozinha Comunitaria;Rua Presidente Bernardes;Centro;39200-000;Corinto;MG;(38) 37511339;;;3;;;;;;;;;;;;;;;;;;;;;;;;;;;;;;;;;;;;;;;;;;;;;;;;;;-1.83808568097836E+16;-4445742666721340
3170404;317040;3170404;31;3;83808;5;2;1;0;;6047;0;0;;;3208;Cozinha Comunitaria;Und 2: Avenida Frei Estevao, 500, esquina com a Rua Paulo Gonzaga;Bairro Lunas;38610-000;Unai;MG;(38) 36779610;guilhermeribeiro@bol.com.br;www.prefeituraunai.mg.gov.br;3;;;;;;;;;;;;;;;;;;;;;;;;;;;;;;;;;;;;;;;;;;;;;;;;;;-163596675;-46902586
3505500;350550;3505500;35;3;121344;6;3;1;0;;6047;0;0;;;3249;Cozinha Comunitaria;Avenida Tomas de Paula Oliveira, 480;Licia;14781439;Barretos;SP;(17) 33244555;cozinhacomunitaria@barretos.sp.gov.br;;3;;;;;;;;;;;;;;;;;;;;;;;;;;;;;;;;;;;;;;;;;;;;;;;;;;-2.05482786467861E+16;-4856004238128660
4120309;412030;4120309;41;4;4068;1;1;1;1;21/mar/16;6047;0;0;2016;01/mar/16;3504;Cozinha Comunitaria;Osvaldo Gomes da Silva;Centro;84615-000;Porto Vitoria;PR;(42) 35731212;comsea@portovitoria.pr.gov.br;nao possui;3;;;;;;;;;;;;;;;;;;;;;;;;;;;;;;;1;1;1;;;;;;;;;;;;;;;;;-2.61658766591876E+16;-5122693061828610
4125902;412590;4125902;41;4;2338;1;1;1;1;13/dez/16;6047;0;0;2016;01/dez/16;3057;Cozinha Comunitaria;Rua Porto Alegre,;Sao Pedro do Parana;87955000;Sao Pedro do Parana;PR;(44) 34641173;sas.sppr@gmail.com;www.saopedrodoparana.pr.gov.br;2;;;;;;;;;;;;;;;;;;;;;;;;;;;;;;;;;;;;;;;;;;;;;;;;;;-2.28268599548237E+16;-5322251558303830
3170404;317040;3170404;31;3;83808;5;2;1;0;;6047;0;0;;;3209;cozinha comunitaria;Und 1: Rua da Serra, 299;Bairro Santa Luzia;38610000;Unai;MG;(38) 6779610;guilhermeribeiro@bol.com.br;www.prefeituraunai.mg.gov.br;3;;;;;;;;;;;;;;;;;;;;;;;;;;;;;;;;;;;;;;;;;;;;;;;;;;-1.63730500372665E+16;-4.6886022907257E+16
3201209;320120;3201209;32;3;207324;6;4;1;1;17/abr/18;6047;1;0;2018;01/abr/18;3019;cozinha comunitaria;Rua Pedro Vivacqua, Praca central;Bairro Distrito de Itaoca;29309320;Cachoeiro de Itapemirim;ES;(28) 31555301;semdes.san@gmail.com;nao possui;3;;;;;;;;;;;;;;;;;;;;;;;;;;;;;;;;;;;;;;;;;;;;;;;;;;-20849;-41113
4310603;431060;4310603;43;4;37757;4;1;1;0;;2018;0;0;;;3687;cozinha comunitaria;castelo branco,1985;cidade alta;97650-000;Itaqui;RS;(55) 34335077;smtas@itaqui.rs.gov.br;nao;3;;;;;;;;;;;;;;;;;;;;;;;;;;;;;;;;;;;;;;;;;;;;;;;;;;-2.913383231031E+16;-5655538558959960
3135100;313510;3135100;31;3;71265;5;2;1;0;;6047;0;0;;;3642;COAINHA COMUNITAIA;RUA GENESIO CANGUSSO;VEREDAS;39440-000;Janauba;MG;(38) 38214512;secsocial@janauba.mg.gov.br;nao ha;3;;;;;;;;;;;;;;;;;;;;;;;;;;;;;;;;;;;;;;;;;;;;;;;;;;-1.57934511362028E+16;-4331872701644890
2925204;292520;2925204;29;2;39045;4;1;1;0;;2018;0;0;;;3678;CANTINA MUNICIPAL;CENTRO DE ABASTIMENTO;NOVA POJUCA;48120-000;Pojuca;BA;(71) 34651145;;;3;;;;;;;;;;;;;;;;;;;;;;;;;;;;;;;;;;;;;;;;;;;;;;;;;;-12431;-38328
2302305;230230;2302305;23;2;32593;4;1;1;0;;6047;0;0;;;3370;BENEDITO LOPES DA SILVEIRA;Rua Humaita, S/N;Centro;62570-000;Bela Cruz;CE;(88) 36633111;assistenciasocial@belacruz.ce.gov.br;;3;;;;;;;;;;;;;;;;;;;;;;;;;;;;;;;;;;;;;;;;;;;;;;;;;;-3.05530365797264E+16;-4.01661014556884E+16
2923902;292390;2923902;29;2;9981;2;1;1;0;;6047;0;0;;;3591;Associacao de Mulheres da Agricultura Familiar do Corrego das Pratas - AMAF;Fazenda Santa Luz, Regiao das Pratas (Proximo da Escola Municipal Josefa Augusto e da Igreja Assembleia de Deus);Zona Rural;45890-000;Pau Brasil;BA;(73) 81677107;associacaodemulheresdacascata@gmail.com;;2;;;;;;;;;;;;;;;;;;;;;;;;;;;;;;;;;;;;;;;;;;;;;;;;;;-15464;-39651
4118105;411810;4118105;41;4;11361;3;1;1;0;;2018;0;0;;;3695;APMIF;RUA TIRADENTES;CENTRO;87660-000;Paranacity;PR;(44) 34632348;apmifparanacity@yahoo.com.br;nao possui;3;;;;;;;;;;;;;;;;;;;;;;;;;;;;;;;;1;;;;;;;;;;;;;;;;;;-2292725116712410;-5215564012527460
4305108;430510;4305108;43;4;504069;7;5;1;1;20/nov/13;6047;1;0;2013;01/nov/13;3455;Acao Comunitaria Integrada Basilio Tcacenco;Rua Flavio Chaves, 203;Aeroporto;95098-160;Caxias do Sul;RS;(54) 39011305;;;3;;;;;;;;;;;;;;;;;;;;;;;;;;;;;;;;1;1;;;;;;;;;;;;;;;;;-2.91959501718997E+16;-5119530736452940
2602902;260290;2602902;26;2;205112;6;4;1;0;;6047;1;0;;;3496;;Rua Cinco, s/n;Charnequinha;54505-325;Cabo de Santo Agostinho;PE;(81) 98613284;;-;3;;;;;;;;;;;;;;;;;;;;;;;;;;;;;;;;;;;;;;;;;;;;;;;;;;-8297366179379120;-3.50407218933105E+16
