codigo_ibge;município;uf;regiao;porte_sisan;porte_ibge;mais200milhab;capital;sisan;participacao;data_adesao;ano_adesao;mes_ano_adesao;sequencia_cadastro;v9104;v13838;v9110;v9111;v9112;v9109;v9113;v9114;v9115;v9116;v9132_1;v9132_2;v9132_3;v9132_4;v9132_98;v9132_99;v9133;v9117;v9118;v9119;v9123;v9120;v9943;v9122;v9121;v9124;v9125_1;v9125_2;v9125_3;v9125_4;v9125_5;v9125_6;v9125_7;v9125_8;v9125_98;v9126;v9127;v14388_1;v14388_5;v14388_10;v14388_15;v14388_20;v14388_25;v14388_30;v14388_35;v14388_98;v14388_99;v14389;v9130_1;v9130_2;v9130_3;v9130_4;v9130_98;v9130_99;v9131;v14137;v14138_2;v14138_4;v14138_6;v14138_8;v14138_10;v14138_12;p_latitude;p_longitude
530010;530010;53;5;5;7;1;1;0;4033;;;;454;Restaurante Comunitario de Brazlandia;;Vila Sao Jose-Brazlandia;70000-000;Brasilia;DF;(61) 32340236;;www.sedhs.df.gov.br;1;;;;;;;;3;99;;$5,75;2;;$1,00;2000;0;;;;;;;;;;;0;;;;;;;;;;;;;;;;;;;;;;;;;;-1.56752710443089E+16;-4819702148437500
530010;530010;53;5;5;7;1;1;0;4033;;;;455;Restaurante Comunitario da Estrutural;;Estrutural;70000-000;Brasilia;DF;(61) 34656759;;www.sedhs.df.gov.br;1;;;;1;;;;3;99;;$5,75;2;;$1,00;2200;0;;;;;;;;;;;0;;;;;;;;;;;;;;;;;;;;;;;;;;-1577920377348560;-4.79975509643554E+16
530010;530010;53;5;5;7;1;1;0;4033;;;;456;Restaurante Comunitario da Ceilandia Sul;;Ceilandia Sul;70000-000;Brasilia;DF;(61) 83055720;adriana.maria@sedhs.df.gov.br;www.sedhs.df.gov.br;1;;;;;;;;3;99;;$5,75;2;;$1,00;3600;0;;;;;;;;;;;0;;;;;;;;;;;;;;;;;;;;;;;;;;-1.58200022419039E+16;-4812286376953120
530010;530010;53;5;5;7;1;1;0;4033;;;;457;Restaurante Comunitario do Gama;;Gama;70000-000;Brasilia;DF;(61) 34840092;marcos.santana@sedhs.df.gov.br;www.sedhs.df.gov.br;1;;;;;;;;3;99;;$5,75;2;;$1,00;3700;0;;;;;;;;;;;0;;;;;;;;;;;;;;;;;;;;;;;;;;-1601182599113710;-4806179523468010
530010;530010;53;5;5;7;1;1;0;4033;;;;458;Restaurante Comunitario do Itapoa;;Itapoa;70000-000;Brasilia;DF;(61) 32340236;;www.sedhs.df.gov.br;1;;;;;;;;3;99;;$5,75;2;;$1,00;2000;0;;;;;;;;;;;0;;;;;;;;;;;;;;;;;;;;;;;;;;-1.60117434902517E+16;-4806179523468010
530010;530010;53;5;5;7;1;1;0;4033;;;;459;Restaurante Comunitario do Paranoa;;Paranoa;70000-000;Brasilia;DF;(61) 33696350;rogerio.paixao@sedhs.df.gov.br;www.sedhs.df.gov.br;1;;;;;;;;99;99;;$5,75;2;;$1,00;1800;0;;;;;;;;;;;0;;;;;;;;;;;;;;;;;;;;;;;;;;-1578036011852600;-4.77843475341796E+16
530010;530010;53;5;5;7;1;1;0;4033;;;;460;Restaurante Comunitario de Planaltina;;Planaltina;70000-000;Brasilia;DF;(61) 33891372;;www.sedhs.df.gov.br;1;;;;;;;;3;99;;$5,75;2;;$1,00;2200;0;;;;;;;;;;;0;;;;;;;;;;;;;;;;;;;;;;;;;;-1.56148223672405E+16;-4765190541744230
530010;530010;53;5;5;7;1;1;0;4033;;;;461;Restaurante Comunitario de Recanto da Emas;;Recanto das Emas;70000-000;Brasilia;DF;(61) 34348735;cleiton.paulino@sedhs.df.gov.br;www.sedhs.df.gov.br;1;;;;;;;;3;99;;$5,75;2;;$1,00;1800;0;;;;;;;;;;;0;;;;;;;;;;;;;;;;;;;;;;;;;;-1.59041591833566E+16;-4807277619838710
530010;530010;53;5;5;7;1;1;0;4033;;;;462;Restaurante Comunitario do Riacho Fundo;;Riacho Fundo;70000-000;Brasilia;DF;(61) 32340236;patricia.araujo@sedhs.df.gov.br;www.sedhs.df.gov.br;1;;;;;;;;3;99;;$5,75;2;;$1,00;2100;0;;;;;;;;;;;0;;;;;;;;;;;;;;;;;;;;;;;;;;-1.58911862691006E+16;-4.80472952127456E+16
530010;530010;53;5;5;7;1;1;0;4033;;;;463;Restaurante Comunitario de Samambaia;;Samambaia;70000-000;Brasilia;DF;(61) 33574665;patricia.chaves@sedhs.df.gov.br;www.sedhs.df.gov.br;1;;;;;;;;3;99;;$5,75;2;;$1,00;2100;0;;;;;;;;;;;0;;;;;;;;;;;;;;;;;;;;;;;;;;-1.58896874553704E+16;-4809848785400390
530010;530010;53;5;5;7;1;1;0;4033;;;;464;Restaurante Comunitario Sao Sebastiao;;Sao Sebastiao;70000-000;Brasilia;DF;(61) 33352808;edvair.santos@sedhs.df.gov.br;www.sedhs.df.gov.br;1;;;;;;;;3;99;;$5,75;2;;$1,00;2000;0;;;;;;;;;;;0;;;;;;;;;;;;;;;;;;;;;;;;;;-1.59031428428705E+16;-4777477741241450
530010;530010;53;5;5;7;1;1;0;4033;;;;466;Restaurante Comunitario Sol Nascente;;Ceilandia Norte;70000-000;Brasilia;DF;(61) 32340236;;www.sedhs.df.gov.br;2;;;;;;;;;;;;;;;;;;;;;;;;;;;;;;;;;;;;;;;;;;;;;;;;;;;;;-1.58272691221975E+16;-4813402175903320
522185;522185;52;5;3;6;0;0;0;4033;;;;415;Restaurante Comunitario de Valparaiso de Goias;Av. Central, 780-852 - Parque Cruzeiro do Sul, Valparaiso de Goias - GO;Cruzeiro do Sul;72870-000;Valparaiso de Goias;GO;(61) 36278953;;;2;;;;;;;;;;;;;;;;;;;;;;;;;;;;;;;;;;;;;;;;;;;;;;;;;;;;;-1604970218222150;-4.7991366386288496E+16
521880;521880;52;5;4;6;1;0;0;6047;;;;289;Restaurante Cidadao de Rio Verde - Goias;AV. Presidente Vargas - 2679 - JD. Goias - Sala 01;Jardim Goias;75903-290;Rio Verde;GO;(64) 99846756;promsocial@rioverde.go.gov.br;;1;;1;;;;;;99;1;$226.000,00;$4,09;2;$4,09;$2,00;1000;0;;;;;;;;;;;0;;;;;;;;;;;;;;;;;;;0;;;;;;;-1.77877566793191E+16;-5091648101806640
520870;520870;52;5;5;7;1;1;0;4033;;2014;;371;Restaurante Popular de Goiania;Rua 72, Qd 128, NÂº 524;centro;74045-120;Goiania;GO;(62) 35242640;divisaosansemas@gmail.com;nao possui;3;;;;;;;;;;;;;;;;;;;;;;;;;;;;;;;;;;;;;;;;;;;;;;;;;;;;;-16679;-49254
520140;520140;52;5;5;7;1;0;1;6047;27/nov/14;2014;01/nov/14;123;Restaurante Popular Pastor Euclides Garcia Freitas;"AV. TROPICAL
qD 19
LT 01,02,06,07 E 08";Setor Jardim Tropical;74946-540;Aparecida de Goiania;GO;(62) 35456598;restaurantepopularapgoiania@hotmail.com;;1;;;;;;;;1;1;$1.070.000,00;$2,00;1;$2,00;$2,00;10000;0;;;;;;;;;;;0;;;;;;;;;;;;;;;;;;;99;;;;;;;-167676029;-493459971
520110;520110;52;5;4;6;1;0;0;6047;;;;121;Restaurante Popular Anapolis;Jaiara;Jaiara;75075-210;Anapolis;GO;(62) 39021046;taniaaparecida@anapolis.go.gov.br;nao;1;;;;1;;;;3;1;$1.188.000,00;$4,60;1;;$1,00;1500;0;;;;;;;;;;;99;;;;;;;;;;;;;;;;;;;;;;;;;;-1.62943552328862E+16;-4896709442138670
520025;520025;52;5;4;6;1;0;0;2018;;;;515;Restaurante Popular de Aguas Lindas de Goias;Quadra A Especial L;Mansoes Por do Sol;72910-000;Aguas Lindas de Goias;GO;(61) 36184432;kaducomercio@gmail.com;Nao tem;1;;;;;;;;3;0;;$0,00;0;;$2,00;1000;0;;;;;;;;;;;0;;;;;;;;;;;;;;;;;;;0;;;;;;;-1.57260331796971E+16;-482845875620842
510840;510840;51;5;4;6;1;0;0;4033;;;;442;Restaurante Popular;Rua Capitao Costa, nÂº 321, Centro Sul - Varzea Grande-MT;Centro Norte;78125-700;Varzea Grande;MT;(65) 984429605;financeirosmasvg@gmail.com;www.varzeagramde.mt.gov.br;1;;;;1;;;;2;1;$240.000,00;$6,95;2;$2,96;$3,00;300;0;;;;;;;;;;;0;;;;;;;;;;;;;;;;;;;1;;;;;;;-1.56519449925938E+16;-5613205790519710
510790;510790;51;5;3;6;0;0;0;6047;;;;298;Restaurante Popular de Sinop;Avenida das Azaleias;Centro;78550-000;Sinop;MT;(00) 35325438;gastronutrisinop@outlook.com;nao possui;1;;;;1;;;;3;1;$1.050.000,00;$7,90;2;$3,80;$3,80;1000;0;;;;;;;;;;;0;;;;;;;;;;;;;;;;;;;0;;;;;;;-1.1856536189967E+16;-5.5509195327758704E+16
510340;510340;51;5;5;7;1;1;0;6047;;;;148;Restaurante Popular do Municipio de Cuiaba;Av. Barao de Melgaco, 1361;Centro;78005-000;Cuiaba;MT;(65) 36224006;wilmalacerdabuffet@hotmail.com;www.cuiba.mt.gov.br;1;;;;1;;;;3;1;$1.380.000,00;$6,00;2;$3,00;$6,00;1700;0;;;;;;;;;;;0;;;;;;;;;;;;;;;;;;;1;;;;;;;-1.55997254935595E+16;-5.6100075244903504E+16
431690;431690;43;4;4;6;1;0;0;6047;;;;221;Restaurante Popular Dom Ivo Loscheiter;Rua Pantaleao, 356;Centro;97000-015;Santa Maria;RS;(55) 32231690;fomezero@santamaria.rs.gov.br;nao;1;;;;;;;;2;1;$280.000,00;$5,00;2;;$1,45;600;0;;;;;;;;;;;1;;;;;;;;;;;;;;;;;;;;;;;;;;-2.96860767816051E+16;-5380343914031980
431490;431490;43;4;5;7;1;1;1;6047;27/nov/14;2014;01/nov/14;325;Restaurante Popular porto alegre;Rua: Santo Antonio nrÂº58;Bairro Floresta;90220-010;Porto Alegre;RS;(51) 32892081;smdse.usans@portoalegre.rs.gov.br;Portal PMPA;1;;;;;;;;1;1;$18.800.000,00;$9,60;1;$8,90;$1,00;600;0;;;;;;;;;;;0;;;;;;;;;;;;;;;;;;;1;;1;1;1;;;-300600522;-51203882
431440;431440;43;4;4;6;1;0;0;6047;;;;201;RESTAURANTE POPULAR DE PELOTAS;Rua Tres de Maio, nÂº 1058;Centro;96010-620;Pelotas;RS;(53) 33055348;gesc-pel@yahoo.com.br;nao;1;;;;;;;;3;1;$756.000,00;$8,00;2;$8,00;$2,00;375;1;;;;;;;;;;Pessoas encaminhadas pela rede socioassistencial;0;;;;;;;;;;;;;;;;;;;1;;1;1;1;;;-3.17744580590341E+16;-5234302997589110
430510;430510;43;4;5;7;1;0;1;6047;20/nov/13;2013;01/nov/13;140;Restaurante Popular;Rua 20 de Setembro 2420;Centro;95020-450;Caxias do Sul;RS;(54) 39011200;;nao possui;1;;;;1;;;;1;1;$2.603.975,55;$9,23;2;$8,23;$1,00;793;0;;;;;;;;;;;0;;;;;;;;;;;;;;;;;;;0;;;;;;;-2.91649458693041E+16;-5118464873218530
430460;430460;43;4;4;6;1;0;1;6047;20/mar/14;2014;01/mar/14;258;Restaurante popular;Av. Boqueirao 2758;Estancia Velha;92032-420;Canoas;RS;(51) 34263787;sisan.canoas@gmail.com;nao tem;1;;;;;;;;3;1;$70.000,00;$5,00;2;;$1,00;200;0;;;;;;;;;;;1;;;;;;;;;;;;;;;;;;;;;;;;;;-2990602397109470;-5114969080168520
420910;420910;42;4;5;7;1;0;1;6047;28/out/16;2016;01/out/16;295;Restaurante Popular Zilda Arns;Rua Alwino Hansen, 65;Adhemar Garcia;89230-700;Joinville;SC;(47) 34330153;silvano.ribeiro@joinville.sc.gov.br;Divulgacoes no site da PMJ;1;;;;;;;;98;1;$2.000,00;$10,28;2;$9,00;$5,00;500;1;;;;1;;;;;;;1;;;;;;;;;;;;;;;;;;;1;;;;;;;-2632468151282570;-4880741715431210
420910;420910;42;4;5;7;1;0;1;6047;28/out/16;2016;01/out/16;173;Hebert Jose de Souza;Rua Urussanga,554;Bucarein;89202-400;Joinville;SC;1.   (47) 9683-2094                   (47) 3433 2564 RP: (47) 3433 0153;silvano.ribeiro@joinville.sc.gov.br;Nao tem;1;;;;;;;;3;1;$3.000,00;$8,00;2;$7,00;$5,00;600;1;;;;1;;;;;;;1;;;;;;;;;;;;;;;;;;;1;;;;;;;-2.63117566090908E+16;-4883973240852350
420420;420420;42;4;4;6;1;0;0;6047;;;;142;Restaurante Popular Efapi;Rua Surucua, esquina Rua Cunhapora, NÂº 26 E;EFAPI;89809-650;Chapeco;SC;(49) 20499112;rpefapi@chapeco.sc.gov.br;Nao;1;;;;1;;;;1;1;$586.000,00;$14,17;2;$11,17;$3,00;500;0;;;;;;;;;;;1;;;;;;;;;;;;;;;;;;;1;;;;;;;-2.70933063290215E+16;-5.26742613315582E+16
420420;420420;42;4;4;6;1;0;0;6047;;;;141;RESTAURANTE POPULAR BANDEJAO;Rua Marechal Floriano Peixoto NÂº 60 O;Centro;89802-010;Chapeco;SC;(49) 33234466;bandejao@chapeco.sc.gov.br;Nao;1;;;;1;;;;1;1;$586.000,00;$9,85;2;$6,85;$3,00;1100;0;;;;;;;;;;;1;;;;;;;;;;;;;;;;;;;1;;;;;;;-2.71046672835378E+16;-5.26149094104766E+16
412800;412800;41;4;1;4;0;0;0;6047;;;;511;Restaurante Popular/Cozinha Comunitaria;Avenida Joao Medeiros, s/nÂº, Esquina com a Rua Parana;Parque Recife;85440-000;Ubirata;PR;(44) 35431369;social@ubirata.pr.gov.br;www.ubirata.pr.gov.br;1;;;;;;;;1;1;$10.000,00;$4,70;2;$2,50;$3,00;130;1;;;;;;;;;1;Gestantes em estado de vulnerabilidade.;1;;;;;;;;;;;;;;;;;;;1;;1;;;;;-2.4535567798958E+16;-5298347711563110
412800;412800;41;4;1;4;0;0;0;6047;;;;516;Restaurante Popular/Cozinha Comunitaria;Aenida Joao Medeiros, Esquina com a Rua Parana;Jardim Recife;85440-000;Ubirata;PR;(44) 35431369;social@ubirata.pr.gov.br;www.ubirata.pr.gov.br;1;;;;;;;;1;0;;$4,70;2;$2,50;$3,00;130;1;;;;;;;;;1;Gestantes em estado de vulnerabilidade;1;;;;;;;;;;;;;;;;;;;1;;1;;;;;-2.45354116378772E+16;-5.29833912849426E+16
412770;412770;41;4;3;6;0;0;1;6047;13/dez/16;2016;01/dez/16;235;COZINHA SOCIAL;"R. Angela Tonial, 66-100 - Jardim Paulista, Toledo - PR, 85909-340 (Vila Paulista)
R. Rodrigues Alves, 681 - Jardim Coopagro (Jardim Coopagro)
R. Carlos Sbaraini, 1930-1954 - Sao Francisco, Toledo - PR, 85911-195 (Sao Francisco)
R. Gov. Irineu Bornhausem, 601 - Jardim Panorama (Jardim PanoramaII)
R. Pres. Getulio Vargas, 1080 - Boa Esperanca (Vila Boa Esperanca)
R. Joao Pessoa, Jardim Europa, Toledo - PR, 85908-020 (JArdim Europa)
Avenida Maripa, 7001, Jardim La Salle, 85902-060 (Cozinha Social)";Jardim La Salle;85902-060;Toledo;PR;(45) 33791520;cozinha.social@toledo.pr.gov.br;www.toledo.pr.gov.br;1;;;;1;;;;1;1;$6.360.280,00;$9,00;2;$4,34;$4,66;1000;1;;;1;1;1;;;;;;1;;;;;;;;;;;;;;;;;;;1;;;;1;;;-2.47351668149263E+16;-5.37590074234008E+16
411820;411820;41;4;3;6;0;0;0;4032;;;;479;Restaurante Popular;Salim Chede, 204;Centro Historico;83203-060;Paranagua;PR;(47) 34323742;financeiro@sepat.srv.br;http://www.paranagua.pr.gov.br/conteudo/secretarias-e-orgaos/assistencia-social/restaurante-popular;1;;;;;;;;1;99;;$1,00;1;$2,00;$2,00;500;0;;;;;;;;;;;99;;;;;;;;;;;;;;;;;;;1;;;;;;;-25.52;-48509
411520;411520;41;4;4;6;1;0;1;6047;03/ago/16;2016;01/ago/16;186;Restaurante Popular de Maringa;Zona 7;Zona 7;87020-020;Maringa;PR;(44) 30236999;sasc_nutricao@maringa.pr.gov.br;;1;;;;1;;;;3;1;$94.818,00;$6,14;2;$3,14;$3,00;1000;0;;;;;;;;;;;0;;;;;;;;;;;;;;;;;;;1;;;;;;;-2.34141072801675E+16;-519369649887085
411370;411370;41;4;5;7;1;0;0;6047;;;;179;RESTAURANTE POPULAR LEONEL BRIZOLA;Rua Prof. Joao Candido,  14;Centro;86010-000;Londrina;PR;(43) 33724789;abastecimento@londrina.pr.gov.br;https://www.facebook.com/pages/Restaurante-Popular-De-Londrina/115429808634686;1;;;;;;;;3;1;$1.098.000,00;$7,56;2;$5,56;$2,00;750;0;;;;;;;;;;;0;;;;;;;;;;;;;;;;;;;1;;;;;;;-233187125;-511614445
410690;410690;41;4;5;7;1;1;1;6047;21/mar/16;2016;01/mar/16;509;Restaurante Popular Capanema;Rua Ubaldino do Amaral, nÂº1671, Curitiba, Parana;Jardim Botanico;80050-255;Curitiba;PR;(41) 33503879;mkormann@smab.curitiba.pr.gov.br;www.curitiba.pr.gov.br;1;;;;;;;;2;1;$845.460,00;$6,71;1;$4,71;$2,00;500;0;;;;;;;;;;;0;;;;;;;;;;;;;;;;;;;1;;;1;1;;;-254359058;-492539798
410690;410690;41;4;5;7;1;1;1;6047;21/mar/16;2016;01/mar/16;335;RESTAURANTE POPULAR PINHEIRINHO;Rua Marechal Rondon, 40 Curitiba Parana;CAPAO RASO;81130-170;Curitiba;PR;(41) 32462667;mkormann@smab.curitiba.pr.gov.br;www.curitiba.pr.gov.br;1;;;;;;;;2;1;$850.000,00;$5,78;1;$3,78;$2,00;800;0;;;;;;;;;;;0;;;;;;;;;;;;;;;;;;;0;;;;;;;-2551101521200190;-4929524660110470
410690;410690;41;4;5;7;1;1;1;6047;21/mar/16;2016;01/mar/16;150;RESTAURANTE POPULAR SITIO CERCADO;Rua Mercurio, nÂº420, Curitiba, Parana;Sitio Cercado;81910-360;Curitiba;PR;(41) 32865126;mkormann@smab.curitiba.pr.gov.br;www.curitiba.pr.gov.br;1;;;;;;;;2;1;$850.000,00;$5,77;1;$3,77;$2,00;800;0;;;;;;;;;;;0;;;;;;;;;;;;;;;;;;;0;;;;;;;-2553178965803180;-4.9266245235582E+16
410690;410690;41;4;5;7;1;1;1;6047;21/mar/16;2016;01/mar/16;151;RESTAURANTE POPULAR CIC;Rua Raul Pompeia, nÂº190;CIC;81020-430;Curitiba;PR;(41) 32292555;mkormann@smab.curitiba.pr.gov.br;www.curitiba.pr.gov.br;1;;;;;;;;2;1;$850.000,00;$5,74;1;$3,74;$2,00;800;0;;;;;;;;;;;0;;;;;;;;;;;;;;;;;;;0;;;;;;;-254837234;-49349149
410690;410690;41;4;5;7;1;1;1;6047;21/mar/16;2016;01/mar/16;149;RESTAURANTE POPULAR MATRIZ;Praca Rui Barbosa, dentro do Mercado Central;Centro;80010-030;Curitiba;PR;(41) 33223574;mkormann@smab.curitiba.pr.gov.br;www.curitiba.pr.gov.br;1;;;;;;;;2;1;$1.400.000,00;$5,09;1;$3,09;$2,00;1800;0;;;;;;;;;;;0;;;;;;;;;;;;;;;;;;;0;;;;;;;-2.5435310601184E+16;-492723834514618
410580;410580;41;4;4;6;1;0;0;6047;;;;145;Restaurante Popular de Colombo;R. Roberto Lambach Falavinha, 216 - Fatima;Maracana;84405-240;Colombo;PR;(41) 36637560;nutsocialcolombo@gmail.com;colombo.pr.gov.br;1;;;;;;;;3;1;$1.000.000,00;$10,00;2;$7,50;$2,50;1000;0;;;;;;;;;;;0;;;;;;;;;;;;;;;;;;;1;;;;;;;-2.53629515841681E+16;-4918613433837890
410480;410480;41;4;4;6;1;0;1;6047;03/ago/16;2016;01/ago/16;138;Restaurante Popular Albino Jose Zanata;Rua Sao Paulo, 94 Esquina com Eduardo Tadeu Melani;Centro;85801-020;Cascavel;PR;(45) 39021144;paulobonfante@hotmail.com;nao tem;1;;;;;;;;3;1;$1.269.600,00;$3,00;2;;$2,00;1100;0;;;;;;;;;;;0;;;;;;;;;;;;;;;;;;;;;;;;;;-2.49581837848236E+16;-5345095396041870
355100;355100;35;3;4;6;1;0;0;6047;;;;244;Restaurante Popular Bom Prato Unidade Sao Vicente - Centro;Rua Ipiranga, 479;Centro;11310-421;Sao Vicente;SP;RP: (13) 3469-3636;bompratocentrosv@gmail.com;nao tem;1;;;;;;;;1;0;;$4,58;0;;$1,00;1200;1;;;;;;;;;;;0;;;;;;;;;;;;;;;;;;;0;;;;;;;-239651806;-463874348
355100;355100;35;3;4;6;1;0;0;6047;;;;372;Restaurante Popular Bom Prato Quarentenario â€“ Unidade II;Rua Camaca, 421;Quarentenario;11347-565;Sao Vicente;SP;(13) 35667699;bompratoquarentenariosv@gmail.com;nao tem;1;;;;;;;;1;0;;$4,55;0;;$1,00;800;1;;;;;;;;;;;0;;;;;;;;;;;;;;;;;;;0;;;;;;;-239792602;-464554866
354980;354980;35;3;4;6;1;0;0;6047;;;;486;Restaurante Bom Prato na Providencia de Deus;Rua Pedro Amaral, 2919;Centro;15010-010;Sao Jose do Rio Preto;SP;(17) 32140820;larsaofrancisco@alsf.org.br;http://www.franciscanosnaprovidencia.org.br/associacao/nossasobras_detalhes/7/Bom-Prato;1;;;;;;;;3;1;$120.000,00;$6,05;0;;$1,00;1430;0;;;;;;;;;;;0;;;;;;;;;;;;;;;;;;;1;;;;;;;-208073427;-493794601
354850;354850;35;3;4;6;1;0;0;6047;;;;522;Restaurante Popular Unidade Santos Morros;Rua Sao Joao, s/nÂ°;Morro Sao Bento;11082-160;Santos;SP;(13) 32340655;andre@vidasrecicladas.org;;1;;;;;;;;3;99;;$0,00;2;$0,00;$1,00;750;0;;;;;;;;;;;0;;;;;;;;;;;;;;;;;;;99;;;;;;;-23933407228678;-4634258508682250
354850;354850;35;3;4;6;1;0;0;6047;;;;329;Restaurante Popular Bom Prato - Unidade II;Avenida Nossa Senhora de Fatima, nÂ° 517;Bom Retiro - Zona Noroeste;11085-203;Santos;SP;(13) 33076066;prestacao@apasemsantos.org.br;;1;;;;;;;O imovel e alugado.;3;1;$691.837,15;$4,50;2;;$1,00;1200;0;;;;;;;;;;;0;;;;;;;;;;;;;;;;;;;;;;;;;;-2394095789326300;-4.63646221160888E+16
354850;354850;35;3;4;6;1;0;0;6047;;;;328;Restaurante Popular Bom Prato - Unidade I;Praca Iguatemi Martins, s/nÂ°;Paqueta;11013-310;Santos;SP;(32) 33076066;prestacao@apasemsantos.org.br;;1;;1;;;;;;3;1;$161.207,22;$4,50;2;;$1,00;1200;0;;;;;;;;;;;0;;;;;;;;;;;;;;;;;;;;;;;;;;-2.39404479921605E+16;-4631833791732780
354780;354780;35;3;5;7;1;0;0;6047;;;;287;Restaurante Popular Bom Prato;Rua General Glicerio 718;Centro;09015-191;Santo Andre;SP;(11) 44369473;;Nao possui;1;;;;;;;;3;0;;$5,19;0;;$1,00;1500;0;;;;;;;;;;;0;;;;;;;;;;;;;;;;;;;1;;;;;;;-236573395;-465322504
354390;354390;35;3;4;6;1;0;0;6047;;;;449;ABA - ASSOCIACAO BETESDA ASSISTENCIAL RIO CLARO - BOM PRATO;RUA 1, 1534;CENTRO;13500-141;Rio Claro;SP;(19) 36170025;bompratorc@gmail.com;;1;;;1;;;;;2;0;;$4,50;0;;$1,00;1300;0;;;;;;;;;;;0;;;;;;;;;;;;;;;;;;;0;;;;;;;-2240547404175710;-4755925655364990
354340;354340;35;3;5;7;1;0;0;4032;;;;485;Bom Prato;Rua Saldanha Marinho, 765;Centro;14010-060;Ribeirao Preto;SP;(16) 39645301;bompratobetaniarp@hotmail.com;Nao possui;1;;;;;1;;Entidade Social Conveniada;2;0;;$2,10;0;;$1,00;1750;0;;;;;;;;;;;0;;;;;;;;;;;;;;;;;;;0;;;;;;;-2117622842391370;-4.78133368492126E+16
352940;352940;35;3;4;6;1;0;0;6047;;;;188;Restaurante Popular do Centro;Rua General Osorio,144;Centro;09310-050;Maua;SP;(11) 45198556;banco.alimentos@maua.sp.gov.br;www.maua.sp.gov.br;1;;;;1;;;;1;1;$2.793.000,00;$5,90;2;;$1,00;1000;0;;;;;;;;;;;0;;;;;;;;;;;;;;;;;;;;;;;;;;-2.36687189025037E+16;-4645695447921750
352900;352900;35;3;4;6;1;0;0;6047;;;;356;Restaurante Popular Bom Prato Marilia;Avenida Brasil, 324;Jardim Mariana;17509-080;Marilia;SP;(14) 34532405;fumaresmarilia@yahoo.com.br;;1;;;;;;;;3;1;$1.345.000,34;$5,19;2;$1,00;$1,00;1200;1;;;;;1;;;;;;0;;;;;;;;;;;;;;;;;;;1;;;;;;;-2221417317671400;-4994792729616160
352690;352690;35;3;4;6;1;0;0;6047;;;;273;Restaurante Bom Prato;Rua 13 de Maio, n 527;Centro;13480-171;Limeira;SP;(19) 998909601;bompratolimeira@hotmail.com;nao ha;1;;;;;;;;3;1;$391.872,00;$4,81;0;;$1,00;1200;0;;;;;;;;;;;0;;;;;;;;;;;;;;;;;;;0;;;;;;;-2.25630333496382E+16;-4740607427549360
352590;352590;35;3;4;6;1;0;0;6047;;;;297;Bom Prato;Avenida Vigario Joao Jose Rodrigues 1005;Centro;13201-001;Jundiai;SP;(11) 33794885;presidencia@indesc.org.br;http://indesc.org.br/projetos/bom-prato/;1;;;;;;;;3;0;;$5,00;0;;$1,00;1500;0;;;;;;;;;;;0;;;;;;;;;;;;;;;;;;;0;;;;;;;-2.31859117982524E+16;-4.6883554458618096E+16
351880;351880;35;3;5;7;1;0;0;6047;;;;161;RESTAURANTE POPULAR SOLIDARIEDADE JOSUE DE CASTRO;Rua Adolfo Noronha, 49 - Taboao;Taboao;07141-210;Guarulhos;SP;(11) 24083349;bancodealimentos@guarulhos.sp.gov.br;www.guarulhos.sp.gov.br;1;;;;;;;;1;1;$1.455.380,00;$8,92;1;$7,92;$1,00;1200;0;;;;;;;;;;;1;;;;;;;;;;;;;;;;;;;1;;;;;;;-234279364;-4650427089999990
351880;351880;35;3;5;7;1;0;0;6047;;;;253;RESTAURANTE POPULAR ZILDA ARNS;Avenida Monteiro Lobato, 518 - Macedo;Macedo;07112-000;Guarulhos;SP;(11) 24085665;bancodealimentos@guarulhos.sp.gov.br;www.guarulhos.sp.gov.br;1;;;;1;;;;1;1;$1.455.380,00;$8,09;1;$7,09;$1,00;1300;0;;;;;;;;;;;1;;;;;;;;;;;;;;;;;;;1;;;;;;;-2.3469761395658E+16;-4652160644531250
351880;351880;35;3;5;7;1;0;0;6047;;;;264;Restaurante Bom Prato;Ladeira Campos Sales, 43;Centro;07020-013;Guarulhos;SP;(11) 24081872;bomprato.guarulhos@hotmail.com;prefeitura.sp.gov.br;1;;;;;;;;3;0;;$4,50;0;;$1,00;1600;1;;;;;;;;;;;0;;;;;;;;;;;;;;;;;;;0;;;;;;;-234709331;-465312644
351880;351880;35;3;5;7;1;0;0;6047;;;;162;RESTAURANTE POPULAR SOLIDARIEDADE HERBERT DE SOUZA - BETINHO;encerrou suas atividades em 2015;Jardim Cumbica;07180-010;Guarulhos;SP;(11) 24725191;bancodealimentos@guarulhos.sp.gov.br;www.guarulhos.sp.gov.br;3;;;;;;;;;;;;;;;;;;;;;;;;;;;;;;;;;;;;;;;;;;;;;;;;;;;;;-234493459;-46472625
351870;351870;35;3;4;6;1;0;1;6047;27/nov/14;2014;01/nov/14;306;Restaurante Bom Prato;Avenida Conde de Aurea Gonzalez, 47;Vila Aurea;11454-540;Guaruja;SP;(13) 33412835;meiretoledo_62@hotmail.com;nao;1;;;;;;;;3;1;$316.800,00;$0,00;2;$5,72;$1,00;1100;1;;;;;;;;;;;0;;;;;;;;;;;;;;;;;;;0;;;;;;;-239407064;-462864572
351870;351870;35;3;4;6;1;0;1;6047;27/nov/14;2014;01/nov/14;305;RESTAURANTE TIBERIO BILROLINI;Rua Colombia, 1115;Jardim Ana Maria;11440-360;Guaruja;SP;(13) 33519896;alecebeth@hotmail.com;nao;1;;;;;;;;3;1;$832.920,00;$5,55;1;$4,70;$1,00;650;1;;;;;;;;;;;0;;;;;;;;;;;;;;;;;;;0;;;;;;;-2397892025111200;-4623531818389890
351870;351870;35;3;4;6;1;0;1;6047;27/nov/14;2014;01/nov/14;160;RESTAURANTE POPULAR SANTO ANTONIO;Alameda da Violetas, 330;Santo Antonio;11432-440;Guaruja;SP;(13) 33826927;restaurantepopulargja@gmail.com;NAO;3;;;;;;;;;;;;;;;;;;;;;;;;;;;;;;;;;;;;;;;;;;;;;;;;;;;;;-2.39854095970286E+16;-4627102375030510
351380;351380;35;3;4;6;1;0;0;2018;;;;473;Restaurante Popular de Diadema - Unidade I;Avenida Lico Maia, 891;Serraria;09981-420;Diadema;SP;(11) 40561284;seguranca.alimentar@diadema.sp.gov.br;www.diadema.sp.gov.br;1;;;;;;;;3;1;$2.121.510,00;$7,05;2;$5,05;$2,00;800;0;;;;;;;;;;;0;;;;;;;;;;;;;;;;;;;0;;;;;;;-236989375;-466085933
351380;351380;35;3;4;6;1;0;0;2018;;;;474;Restaurante Popular de Diadema - Unidade II;Avenida Luis Carlos Prestes, 606;Campanario;09932-340;Diadema;SP;(11) 40922624;seguranca.alimentar@diadema.sp.gov.br;www.diadema.sp.gov.br;1;;;;;;;;3;1;$1.060.755,00;$7,05;2;$5,05;$2,00;640;0;;;;;;;;;;;0;;;;;;;;;;;;;;;;;;;0;;;;;;;-236702271;-466145266
351060;351060;35;3;4;6;1;0;0;4032;;;;484;BOM PRATO;AVENIDA MIRIAN, 385;CENTRO;06320-060;Carapicuiba;SP;(11) 27638040;secretaria.trabalho@carapicuiba.sp.gov.br;www.carapicuiba.sp.gov.br;1;;;;;;;;3;99;;$4,00;99;;$1,00;1200;1;;;;;;;;;;;0;;;;;;;;;;;;;;;;;;;1;;;;;;;-2352143747952860;-4683561801910400
350950;350950;35;3;5;7;1;0;0;6047;;;;299;BOM PRATO;Av. Dr. Moraes Sales, 04 A;CENTRO;13100-201;Campinas;SP;(19) 32332580;reuber@novaconexao.com;;1;;;;;;;;98;0;;$6,19;0;;$1,00;1800;0;;;;;;;;;;;1;;;;;;;;;;;;;;;;;;;1;;;;;;;-2.29086519966996E+16;-4.7060621808528896E+16
350760;350760;35;3;3;6;0;0;0;6047;;;;450;Restaurante Popular Santo Agostinho;Avenida Jose Gomes da Rocha Leal, 1.849;Centro;12900-300;Braganca Paulista;SP;(11) 964845439;;;1;;;;;;;;99;0;;$0,00;0;;$0,00;0;99;;;;;;;;;;;99;;;;;;;;;;;;;;;;;;;1;;;;;;;-2.29488498797758E+16;-4654249548912040
350650;350650;35;3;3;6;0;0;1;6047;03/mai/16;2016;01/mai/16;110;Restaurante Popular ARI ALVES;Rua dos Fundadores, 469;Centro;16200-040;Birigui;SP;(18) 36386666;restaurantepopular@birigui.sp.gov.br;nao tem;1;;;;;;;;1;1;$537.000,00;$10,71;1;$10,23;$2,93;412;1;;1;;1;1;;;;1;Programas sociais: Renda Cidada e Acao Jovem;1;;;;;;;;;;;;;;;;;;;1;;;;1;;;-212906805837714;-5033673286423430
350600;350600;35;3;4;6;1;0;1;6047;03/mai/16;2016;01/mai/16;310;Restaurante Popular Bom Prato;Rua Primeiro de Agosto, 9-47;Centro;17010-011;Bauru;SP;(14) 32041050;bompratobauru@hotmail.com;bompratobauru@hotmail.com;1;;;;;;;;3;1;$328.900,00;$7,70;2;$1,00;$1,00;1300;0;;;;;;;;;;;0;;;;;;;;;;;;;;;;;;;1;;;;;;;-2232105833967560;-4.9069726467132496E+16
350550;350550;35;3;3;6;0;0;0;6047;;;;269;Restaurante Popular;Rua 14 esquina com avenida 15;Centro;14780-040;Barretos;SP;(17) 33251108;restaurantepopular@barretos.sp.gov.br;nao possui;3;;;;;;;;;;;;;;;;;;;;;;;;;;;;;;;;;;;;;;;;;;;;;;;;;;;;;-2.0558927282546E+16;-4.85653424263E+16
350410;350410;35;3;3;6;0;0;0;6047;;;;129;Restaurante Popular;Av.Prefeito Antonio Julio de Toledo Garcia Lopes, 505;Jardim Cerejeiras;12940-000;Atibaia;SP;(11) 44140650;mbasile@atibaia.sp.gov.br;;1;;;;;;;;1;1;$661.320,00;$4,90;2;$2,40;$4,90;700;0;;;;;;;;;;;0;;;;;;;;;;;;;;;;;;;1;;1;1;;;;-2.31184761986325E+16;-4.65810656547546E+16
350320;350320;35;3;4;6;1;0;1;6047;26/jul/18;2018;01/jul/18;127;RESTAURANTE POPULAR DE ARARAQUARA-UNIDADE 2;Avenida Jorge Fernandes Mattos, 354;VIII DISTRITO INDUSTRIAL;14808-162;Araraquara;SP;(16) 33312346;restaurantepopular@araraquara.sp.gov.br;http://www.araraquara.sp.gov.br/;1;;;;;;;;3;1;$300.000,00;$9,13;2;$3,23;$5,90;150;0;;;;;;;;;;;0;;;;;;;;;;;;;;;;;;;0;;;;;;;-2182347774182690;-4814868429007410
350320;350320;35;3;4;6;1;0;1;6047;26/jul/18;2018;01/jul/18;128;RESTAURANTE POPULAR-UNIDADE 1;Rua Nove de Julho, 3267;Santa Angelina;14802-300;Araraquara;SP;(16) 33312346;restaurantepopular@araraquara.sp.gov.br;www.araraquara.sp.gov.br;1;;;;;;;;3;1;$262.000,00;$9,13;2;$3,23;$5,90;120;0;;;;;;;;;;;0;;;;;;;;;;;;;;;;;;;0;;;;;;;-2176870652818130;-4818116962909690
350320;350320;35;3;4;6;1;0;1;6047;26/jul/18;2018;01/jul/18;268;RESTAURANTE BOM PRATO;Avenida 22 de Agosto, 138;Centro;14810-125;Araraquara;SP;(16) 33016161;gerenciaabastecimento@araraquara.sp.gov.br;www.desenvolvimentosocial.sp.gov.br/portal.php/bomprato;1;;;;;;;;3;1;$320.000,00;$4,50;2;$4,70;$1,00;1200;0;;;;;;;;;;;0;;;;;;;;;;;;;;;;;;;0;;;;;;;-2179170101254810;-4.8169845342636096E+16
350280;350280;35;3;3;6;0;0;0;6047;;;;124;Alice da Silva Prates;Rua Baldissera Morozini 62;Centro;16010-285;Aracatuba;SP;(18) 3621-8278;restaurantepopular@aracatuba.sp.gov.br;Nao;1;;;;1;;;;1;1;$1.002.663,87;$3,50;2;;$1,00;800;0;;;;;;;;;;;1;;;;;;;;;;;;;;;;;;;;;;;;;;-21209;-50433
330630;330630;33;3;4;6;1;0;1;6047;03/ago/16;2016;01/ago/16;275;Restaurante Cidadao Dolores de P. Matos da Silva;"Avenida da Integracao, nÂº 37 - Bairro Aterrado - Volta Redonda/RJ
CEP: 27213-350";Aterrado;27213-350;Volta Redonda;RJ;(24) 33399594;dass.smac@voltaredonda.rj.gov.br;;3;;;;;;;;;;;;;;;;;;;;;;;;;;;;;;;;;;;;1;;O Restaurante esta em processo de municipalizacao, diante de tal motivo o mesmo encontra-se em obras para reabertura no presente ano.;;;;;;;;;;;;;;;-2.25118120985872E+16;-4409393770885460
330420;330420;33;3;3;6;0;0;0;6047;;;;251;Restaurante Vereador Francisco Quirino;Rua Isabel Guimaraes;Jardim Tropical;27541-240;Resende;RJ;(24) 33546000;ouvidoria@social.rj.gov.br;-;3;;;;;;;;;;;;;;;;;;;;;;;;;;;;;;;;;;;;1;;O GOVERNO DO ESTADO DO RIO DE JANEIRO DEIXOU DE REALIZAR OS REPASSES FINANCEIROS PARA O FUNCIONAMENTO DO RESTAURANTE.;;;;;;;;;;;;;;;-2.24634082377296E+16;-4444375276565550
330390;330390;33;3;4;6;1;0;0;6047;;;;203;Restaurante Popular;;Centro;25610-110;Petropolis;RJ;(024) 2246-9240 / 9241(24) 2249-4245/ 4228/ 4230;setrac@petropolis.rj.gov.br;;1;;1;;;;;;3;1;$2.500.000,00;$5,76;2;;$1,00;1000;0;;;;;;;;;;;0;;;;;;;;;;;;;;;;;;;;;;;;;;-22505;-43179
330340;330340;33;3;3;6;0;0;0;6047;;;;398;Restaurante Popular;Avenida Alberto Braune, 225;Centro;28613-000;Nova Friburgo;RJ;(22) 25259100;smasnf@gmail.com;nao possui;1;;;;;;;;99;99;;$2,50;99;;$0,00;40;0;;;;;;;;;;;99;;;;;;;;;;;;;;;;;;;;;;;;;;-222882308;-425315135240696
330330;330330;33;3;5;7;1;0;0;4033;;;;395;Restaurante Popular Escritor Jorge Amado;Av. Visconde do Rio Branco, 281;Centro;24020-001;Niteroi;RJ;(21) 26201717;sasdhsub@gmail.com;nao tem;1;;;;;;;;3;1;$4.315.000,00;$10,40;2;$8,40;$10,40;1700;0;;;;;;;;;;;0;;;;;;;;;;;;;;;;;;;1;;;;;;;-2289050766087700;-4312356948852530
330240;330240;33;3;4;6;1;0;0;6047;;;;180;RESTAURANTE POPULAR PRATO CHEIO;AVENIDA GASTAO HENRIQUE SCHULLER, 143;BOTAFOGO;27946-190;Macae;RJ;(22) 27961376;restaurantepopularpratocheio@hotmail.com;;1;;;;;;;;2;1;$2.100.000,00;$8,63;2;$5,83;$1,00;1500;0;;;;;;;;;;;0;;;;;;;;;;;;;;;;;;;1;;1;1;;;;-2.23686700075943E+16;-4.1789824962615904E+16
330100;330100;33;3;5;7;1;0;0;6047;;;;254;Restaurante Cidadao Romilton Barbara;;Centro;28010-077;Campos dos Goytacazes;RJ;(22) 27242114;;http://200.156.42.162/webpopular/;3;;;;;;;;;;;;;;;;;;;;;;;;;;;;;;;;;;;;;;;;;;;;;;;;;;;;;-217599780204566;-4132500886917110
330100;330100;33;3;5;7;1;0;0;6047;;;;477;nao esta em funcionamento;Avenida Doutor Lacerda Sobrinho;Centro;28080-000;Campos dos Goytacazes;RJ;(22) 998116106;;;3;;;;;;;;;;;;;;;;;;;;;;;;;;;;;;;;;;;;;;;;;;;;;;;;;;;;;-2.17594798019461E+16;-4132603883743280
330040;330040;33;3;3;6;0;0;0;6047;;;;348;Irma Ruth;R. Luis Ponce, 452;Centro;27345-310;Barra Mansa;RJ;(24) 33226779;;;3;;;;;;;;;;;;;;;;;;;;;;;;;;;;;;;;;;;;;;;;;;;;;;;;;;;;;-22544;-44171
320120;320120;32;3;4;6;1;0;1;6047;17/abr/18;2018;01/abr/18;131;Restaurante popular;rua jose cupertino batista, s/nÂº;Basileia;29302-804;Cachoeiro de Itapemirim;ES;(28) 31555301;semdes.san@gmail.com;nao possui;2;;;;;;;;;;;;;;;;;;;;;;;;;;;;;;;;;;;;;;;;;;1;;;;;;;;;;;-20849;-41113
316720;316720;31;3;4;6;1;0;0;6047;;;;331;Restaurante do Trabalhador;Avenida Norte Sul;Centro;35700-640;Sete Lagoas;MG;(31) 36972917;secretaria.assistenciasocial@setelagoas.mg.gov.br;nao possui;1;;;;;;;;3;1;$600.000,00;$5,30;1;;$3,00;600;1;;;1;1;1;;;;;;99;;;;;;;;;;;;;;;;;;;;;;;;;;-1.94623436528832E+16;-4423926115036010
316720;316720;31;3;4;6;1;0;0;6047;;;;239;Restaurante Popular de Sete Lagoas;Avenida Castelo Branco;Henrique Nery;35700-416;Sete Lagoas;MG;(31) 37765031;secretaria.asisstenciasocial@setelagoas.mg.gov.br;nao possui;1;;;;1;;;;3;1;$432.001,00;$4,70;1;;$2,00;700;1;;;;1;1;;;;;;0;;;;;;;;;;;;;;;;;;;;;;;;;;-1.94721759099708E+16;-4425999462604520
316250;316250;31;3;2;5;0;0;0;6047;;;;226;restaurante popular central;Bairro Centro;-centro;36300-110;Sao Joao del Rei;MG;RP: (32) 3372.2302 /;assistenciasocial@saojoaodelrei.mg.gov.br;www.saojoaodelrei.mg.gov.br;1;;;;;;;;2;1;$660.000,00;$5,00;2;$5,00;$2,50;1000;0;;;;;;;;;;;0;;;;;;;;;;;;;;;;;;;99;;;;;;;-2.11327230818415E+16;-4426037549972530
315725;315725;31;3;1;2;0;0;0;4032;;;;527;Cozinha Comunitaria;rua sao vicente de paula n: 137;centro;35328-000;Santa Barbara do Leste;MG;(33) 33261000;recepcaosbl2017@gmail.com;nao tem;1;;;;;;;;99;99;;$2,00;99;;$2,00;120;99;;;;;;;;;;;1;;;;;;;;;;;;;;;;;;;99;;;;;;;-1.99773418070205E+16;-4214095830917350
315180;315180;31;3;3;6;0;0;1;6047;20/mar/14;2014;01/mar/14;204;Restaurante Popular de Pocos de Caldas;Av. Francisco Sales, 935 - Centro,;Centro;37701-014;Pocos de Caldas;MG;(35) 37217570;tiaonery@hotmail.com;nao tem;1;;;;1;;;;3;1;$1.102.500,00;$4,43;1;;$2,00;1350;0;;;;;;;;;;;0;;;;;;;;;;;;;;;;;;;;;;;;;;-2.17857285533253E+16;-4.6562539587974496E+16
313820;313820;31;3;3;6;0;0;0;4033;;;;391;Restaurante Popular Irma Benigma;"Restaurante Popular Irma Benigma
Rua Misseno de Padua, 635-Loja 1
Mercado Municipal
Centro - CEP 37200-000
Lavras-MG";Centro;37200-000;Lavras;MG;(32) 999313015;restaurantepopularlavras@gmail.com;www;1;;;;;;;;3;1;$350.000,00;$1,90;2;$1,40;$3,40;750;0;;;;;;;;;;;0;;;;;;;;;;;;;;;;;;;0;;;;;;;-21245;-45
313670;313670;31;3;5;7;1;0;1;6047;11/out/17;2017;01/out/17;177;Yedda Duarte Gomes;"RUA HALFELD, 305 - CENTRO - JUIZ DE FORA/MG
ANEXO ZONA NORTE - RUA DIOGO ALVARES, 664 - BENFICA - JUIZ DE FORA/MG";Centro;36010-000;Juiz de Fora;MG;(32) 21047010;alimentarpjf@pjf.mg.gov.br;alimentarpjf@pjf.mg.gov.br;1;;;;;;;;3;1;$1.800.000,00;$5,43;2;$1,93;$3,50;1780;1;;;;;;;;;;;0;;;;;;;;;;;;;;;;;;;1;;;;1;;;-21764;-43.35
313240;313240;31;3;2;5;0;0;0;2018;;;;475;RESTAURANTE POPULAR DE ITAJUBA;RUA AURILIO LOPES, 115;CENTRO;37500-006;Itajuba;MG;(35) 36224130;popularitajuba@sha.com.br;;1;;;;;;;;3;1;$983.000,00;$7,00;2;$5,00;$7,00;700;0;;;;;;;;;;;0;;;;;;;;;;;;;;;;;;;0;;;;;;;-2.2425434418517E+16;-4.5455693900585104E+16
312770;312770;31;3;4;6;1;0;0;4033;;;;399;Restaurante Popular Joao Domingos Fassarela;Rua Prudente de Morais nÂº 947;Centro;35020-460;Governador Valadares;MG;(33) 32797492;sema@valadares.mg.gov.br;;1;;;;;;;;3;0;;$2,10;2;$1,25;$3,85;330;0;;;;;;;;;;;0;;;;;;;;;;;;;;;;;;;0;;;;;;;-1885912289201970;-4194464206695550
311860;311860;31;3;5;7;1;0;1;6047;20/mar/14;2014;01/mar/14;502;Restaurante Popular de Nova Contagem;Rua Maria Jose Chiodi, nÂº 37, Bairro Nova Contagem;Nova Contagem;32235-050;Contagem;MG;(31) 33525886;roberto.silva@contagem.mg.gov.br;;1;;;;;;;;3;1;$12.775.000,00;$9,50;2;$6,50;$3,00;1000;1;;;;;;;;;;;1;;;;;;;;;;;;;;;;;;;1;;;;;;;-1.98267068284189E+16;-4.4151091575622496E+16
311860;311860;31;3;5;7;1;0;1;6047;20/mar/14;2014;01/mar/14;377;Restaurante Popular do Ressaca;Av. Antonio Jose da Rocha, 64 - Guanabara, Contagem - MG, 32145-520;Guanabara;32145-520;Contagem;MG;(31) 33311375;jose.costa@contagem.mg.gov.br;;1;;;;;;;;3;1;$12.755.000,00;$9,50;2;$6,50;$3,00;2000;1;;;;;;;;;;;1;;;;;;;;;;;;;;;;;;;;;;;;;;-199132749;-440840953
311860;311860;31;3;5;7;1;0;1;6047;20/mar/14;2014;01/mar/14;274;Restaurante Popular unidade Eldorado;Rua Madre Margherita Fontanarosa, 420 - Eldorado, Contagem - MG, 32315-180;Eldorado;32315-180;Contagem;MG;(31) 33522963;roberto.silva@contagem.mg.gov.br;https://pt-br.facebook.com/prefeituracontagem/videos/restaurante-popular-de-contagem/732246240119243/;1;;;;;;;;3;1;$12.755.000,00;$6,50;2;$6,50;$3,00;3000;1;;;;;;;;;;;1;;;;;;;;;;;;;;;;;;;1;;;;;;;-1994152200578110;-4.4044210910797104E+16
310670;310670;31;3;4;6;1;0;0;6047;;;;279;Restaurante Popular do Jardim Teresopolis;;Jardim Teresopolis;;Betim;MG;(31) 35918012;;;1;;;;;;;;3;1;$1.355.868,25;$11,08;2;$7,33;$3,75;333;0;;;;;;;;;;;1;;;;;;;;;;;;;;;;;;;0;;;;;;;-1.99519602029325E+16;-4411749958992000
310670;310670;31;3;4;6;1;0;0;6047;;;;109;Restaurante Popular Centro;;Centro;;Betim;MG;(31) 35942055;;;1;;;;1;;;;3;1;$1.644.332,72;$6,99;2;$3,24;$3,75;1615;0;;;;;;;;;;;1;;;;;;;;;;;;;;;;;;;1;;1;1;;;;-1.99692548263347E+16;-4420336246490470
310620;310620;31;3;5;7;1;1;1;6047;10/fev/17;2017;01/fev/17;103;Restaurante Popular Hebert de Souza;Av. do Contorno, nÂº 11.484;Centro;30110-001;Belo Horizonte;MG;(31) 3277900;drep@pbh.gov.br;www.pbh.gov.br;1;;;;1;;;;1;1;$9.897.093,32;$6,46;2;$3,46;$3,00;4050;1;;;;;1;;;;;;1;;;;;;;;;;;;;;;;;;;1;;;;1;;;-199210661;-439290641
310620;310620;31;3;5;7;1;1;1;6047;10/fev/17;2017;01/fev/17;104;Restaurante Popular Josue de Catro;Rua Ceara, nÂº 490;Santa Efigenia;30150-310;Belo Horizonte;MG;(31) 32774651;drep@pbh.gov.br;www.pbh.gov.br;1;;;;1;;;;1;1;$5.069.242,92;$6,46;2;$3,46;$3,00;2050;1;;;;;1;;;;;;1;;;;;;;;;;;;;;;;;;;1;;;;;;;-19817;-43956
310620;310620;31;3;5;7;1;1;1;6047;10/fev/17;2017;01/fev/17;106;Restaurante Popular Dom Mauro Bastos;Avenida Afonso Vaz de Melo, 1001;Barreiro;30640-070;Belo Horizonte;MG;(31) 32774136;gpap@pbh.gov.br;www.pbh.gov.br/segurancaalimentar;1;;;;1;;;;1;1;$4.345.065,36;$6,46;2;$3,46;$3,00;1760;1;;;;;1;;;;;;1;;;;;;;;;;;;;;;;;;;1;;;;;;;-199738559;-440196045
310620;310620;31;3;5;7;1;1;1;6047;10/fev/17;2017;01/fev/17;105;Restaurante Popular Maria Regina Nabuco;Rua Padre Pedro Pinto, 2277;Venda Nova;31570-000;Belo Horizonte;MG;(31) 3277869;drep@pbh.gov.br;www.pbh.gov.br/segurancaalimentar;1;;;;1;;;;1;1;$3.138.102,76;$6,46;2;$3,46;$3,00;1220;1;;;;;1;;;;;;1;;;;;;;;;;;;;;;;;;;1;;;;;;;-1.98188745757557E+16;-4394492626190180
310620;310620;31;3;5;7;1;1;1;6047;10/fev/17;2017;01/fev/17;367;Refeitorio Popular da Camara Municipal de Belo Horizonte;Av. dos Andradas, nÂº 3100;Santa Efigenia;30260-900;Belo Horizonte;MG;(31) 32774136;drep@pbh.gog.br;www.pbh.gov.br/seguracaalimentar;1;;;;;;;;1;1;$1.689.747,64;$6,46;2;$3,46;$3,00;750;1;;;;;1;;;;;;1;;;;;;;;;;;;;;;;;;;;;;;;;;-198135653;-439791138
293330;293330;29;2;4;6;1;0;0;6047;;;;236;RESTAURANTE POPULAR DE VITORIA DA CONQUISTA;Rua Yolando Fonseca, 550;Jurema;45023-030;Vitoria da Conquista;BA;(77) 988270625;setorsan@gmail.com;;1;;;;;;;;3;1;$1.177.000,00;$7,25;2;$4,25;$7,75;750;0;;;;;;;;;;;0;;;;;;;;;;;;;;;;;;;1;;1;1;;;;-148567487;-408414804
292740;292740;29;2;5;7;1;1;0;6047;;;;491;Restaurante Popular Liberdade;Rua Lima e Silva, numero 258;Liberdade;40325-281;Salvador;BA;(71) 33273054;restaurantepopularcl@hotmail.com;http://www.justicasocial.ba.gov.br;1;;;;;;;Exclusivamente com Recursos Orcamentarios do Estado da Bahia.;2;1;$8.500.000,00;$3,20;1;$5,45;$1,00;2300;1;;;;;;;;;;;0;;;;;;;;;;;;;;;;;;;0;;;;;;;-1.29487393599671E+16;-3849424839019770
292740;292740;29;2;5;7;1;1;0;6047;;;;490;Restaurante Popular Comercio - RPC;Avenida da Franca, SN - Edificio Instituto do Cacau;Comercio;40010-000;Salvador;BA;(71) 31179814;restaurantepcl@gmail.com;http://www.justicasocial.ba.gov.br;1;;;;;;;Exclusivamente com Recursos Orcamentarios do Estado da Bahia.;2;1;$8.500.000,00;$3,20;1;$5,11;$1,00;2645;1;;;;;;;;;;;0;;;;;;;;;;;;;;;;;;;0;;;;;;;-1.29677999400279E+16;-3.85103738307952E+16
292740;292740;29;2;5;7;1;1;0;6047;;;;219;Restaurante Comunitario Popular CUIDAR;Rua Santa Filomena S/N;Sao Tome de Paripe;40800-258;Salvador;BA;(71) 33281345;cosan.semps@salvador.ba.gov.br;web.salvador.ba.gov.br;1;;;;;;;;2;1;$50.000,00;;0;;$1,00;350;0;;;;;;;;;;;0;;;;;;;;;;;;;;;;;;;0;;;;;;;-1.2822388362559E+16;-3.8482178449630704E+16
292650;292650;29;2;1;3;0;0;0;2018;;;;533;RESTAURANTE POPULAR;RUA SENHOR DO BOMFIM, 00;CENTRO;48400-000;Ribeira do Amparo;BA;(75) 39272166;smas.ribeiradoamparo@gmail.com;NAO TPOSSUI;1;;;;;;;;2;0;;$8,00;0;;$10,00;80;0;;;;;;;;;;;0;;;;;;;;;;;;;;;;;;;1;;;;;;;-1.10433099917694E+16;-3842811584472650
292400;292400;29;2;3;6;0;0;0;6047;;;;478;Restaurante Popular Dom Mario Zeneta;Avenida Andre Falcao, s/n;Alves de Souza;48600-000;Paulo Afonso;BA;(75) 32824477;;;1;;;;;;;;1;1;$2.128.660,00;$7,13;2;$4,13;$3,00;1000;0;;;;;;;;;;;0;;;;;;;;;;;;;;;;;;;0;;;;;;;-9397485712527810;-3.8233484029769904E+16
292130;292130;29;2;1;3;0;0;0;6047;;;;270;Restaurante Popular;foi desativado pelo gestor anterior, que lacrou o predio e nao possuimos estrutura para tal;Centro;45315-000;Milagres;BA;(75) 35451677;socialprefeitura.pmm@hotmail.com;;1;;;;;1;;Espaco cedido;1;1;$92.000,00;$20,00;2;;$1,00;300;0;;;;;;;;;;;0;;;;;;;;;;;;;;;;;;;;;;;;;;-12.87;-39859
291920;291920;29;2;3;6;0;0;0;6047;;;;178;RESTAURANTE POPULAR DE LAURO DE FREITAS;Rua Euvaldo Santos Leite s/nÂº;Centro;42700-000;Lauro de Freitas;BA;(71) 3288867;lfdesan@gmail.com;Nao possui;1;;;;;;;;2;1;$3.000.000,00;$7,63;2;$5,63;$2,00;2500;1;;;;1;1;1;;;;;0;;;;;;;;;;;;;;;;;;;0;;;;;;;-1285624105;-383298501257134
291840;291840;29;2;4;6;1;0;1;6047;11/out/17;2017;01/out/17;175;Restaurante Popular Joao Paulo II;Quadra 17, s/nÂº;Joao Paulo II;48908-170;Juazeiro;BA;(74) 999888215;mariojaguarari@hotmail.com;www.prefeituramunicipaldejuazeiro.ba.gov.br;1;;;;;;;;99;99;;$4,75;2;$3,50;$1,50;350;0;;;;;;;;;;;0;;;;;;;;;;;;;;;;;;;1;;1;1;;1;;-946885196624009;-4049736499786370
291840;291840;29;2;4;6;1;0;1;6047;11/out/17;2017;01/out/17;320;Restaurante Popular Centro;Rua Oscar Ribeiro, s/nÂº;Centro;48900-000;Juazeiro;BA;(74) 999888215;mariojaguarari@hotmail.com;www.prefeiturajuazeiror.ba.gov.b;1;;;;;;;;99;99;;$4,75;2;$3,50;$1,50;700;0;;;;;;;;;;;0;;;;;;;;;;;;;;;;;;;1;;1;1;;1;;-9414600988181090;-4050373792648310
291800;291800;29;2;3;6;0;0;0;6047;;;;170;Restaurante Popular de Jequie;CENTRO DE ABASTECIMENTO VICENTE GRILO, PROXIMO A PRACA DA FEIRA;Centro;45.200-050;Jequie;BA;(73) 35272030;atendimento@2g2m.com.br;http://www.pmjequie.ba.gov.br;1;;;;;;;;1;1;$178.000,54;$7,30;2;$6,29;$2,50;800;0;;;;;;;;;;;0;;;;;;;;;;;;;;;;;;;0;;;;;;;-13858;-40084
291480;291480;29;2;4;6;1;0;0;6047;;;;166;RESTAURANTE POPULAR DE ITABUNA;rua ruffo galvao;Centro;45604-045;Itabuna;BA;RP: (73) 3212-5856 / 8859-0887;asas_12@hotmail.com.br;;1;;;;;;;;99;0;;$7,00;1;;$2,00;1000;0;;;;;;;;;;;1;;;;;;;;;;;;;;;;;;;;;;;;;;-14786;-39.28
291480;291480;29;2;4;6;1;0;0;6047;;;;337;RESTAURANTE POPULAR DE ITABUNA;rua nossa senhora de fatima s/n;Bairro Fatima;45600-000;Itabuna;BA;(73) 88939442;saritaspinola@gmail.com;gmail;1;;;;;;;;1;99;;$7,00;1;;$2,00;1000;0;;;;;;;;;;;1;;;;;;;;;;;;;;;;;;;;;;;;;;-1.47728592935761E+16;-392664753349182
291080;291080;29;2;5;7;1;0;0;4033;;;;373;Restaurante Popular;"Centro de Abastecimento-Barroquinha
44100-000
Feira de Santana";Centro de Abastecimento-Barroquinha;44100-000;Feira de Santana;BA;(75) 36024532;sdsocial@pmfs.ba.gov.br;www.feiradesantana.ba.gov.br;1;;;;;;;;2;1;$2.750.000,00;$4,89;0;;$2,00;1000;0;;;;;;;;;;;1;;;;;;;;;;;;;;;;;;;;;;;;;;-1225195746035080;-3897140264511100
291080;291080;29;2;5;7;1;0;0;4033;;;;374;Restaurante Popular;"Barroquinha
44100-000
Feira de Santana";Barroquinha;44100-000;Feira de Santana;BA;(75) 36024500;settdec.compras@pmfs.ba.gov.br;www.feiradesantana.ba.gov.br;1;;;;1;;;;2;1;$2.750.000,00;$4,89;1;;$2,00;1000;0;;;;;;;;;;;1;;;;;;;;;;;;;;;;;;;;;;;;;;-1225206230507550;-3897131681442260
280480;280480;28;2;3;6;0;0;0;2018;;;;483;Restaurante Popular Frei Miguel;Av. Coletora A, nÂº 70, Joao Alves;Joao Alves;49160-000;Nossa Senhora do Socorro;SE;(79) 21067431;gabinete.assistenciasocial@socorro.se.gov.br;Nao possui;1;;;;;;;;1;1;$1.014.000,00;$7,00;1;$6,00;$1,00;500;0;;;;;;;;;;;0;;;;;;;;;;;;;;;;;;;1;;1;;1;;;-1.08530739216456E+16;-3708147525787350
270860;270860;27;2;2;5;0;0;0;2018;;;;492;Restaurante do Trabalhador Miguelense - Bandejao;Rua Senador Maximo, s/n.;Centro;57240-000;Sao Miguel dos Campos;AL;(82) 32714369;semhtas.smc@gmail.com;www.saomigueldoscampos.al.gov.br;1;;;;;;;;1;99;;$5,00;2;$4,00;$5,00;100;0;;;;;;;;;;;0;;;;;;;;;;;;;;;;;;;0;;;;;;;-9779635313662430;-3.610036611557E+16
260780;260780;26;2;1;3;0;0;0;4032;;;;520;RESTAURANTE DO POVO;TRAVESSA SANTA ISABEL, 215A;CHA DO FOGO;55950-000;Itaquitinga;PE;(81) 36431240;smdsitaquitinga@yahoo.com.br;;3;;;;;;;;;;;;;;;;;;;;;;;;;;;;;;;;;;;;;;;;;;;;;;;;;;;;;-7668;-35102
251080;251080;25;2;3;6;0;0;1;6047;27/nov/14;2014;01/nov/14;378;Restaurante Popular de Patos;Nao informado;Jatoba;58700-00;Patos;PB;(00) 00000000;maria.almeida.paa@gmail.com;Nao informado;1;;;;;;;;99;99;;$0,00;99;;$0,00;750;99;;;;;;;;;;;99;;;;;;;;;;;;;;;;;;;;;;;;;;-7052427043609840;-3.727463722229E+16
250750;250750;25;2;5;7;1;1;1;6047;20/mar/14;2014;01/mar/14;271;Restaurante Popular da Lagoa;Parque Solon de Lucena, S/N;Centro;58000-00;Joao Pessoa;PB;(83) 32141958;sedes.dessan@joaopessoa.pb.gov.br;www.joaopessoa.pb.gov.br;1;;;;;;;;2;1;$6.310.000,00;$5,50;2;$7,98;$1,00;1300;0;;;;;;;;;;;0;;;;;;;;;;;;;;;;;;;0;;;;;;;-7121799347725400;-3487882912158960
250750;250750;25;2;5;7;1;1;1;6047;20/mar/14;2014;01/mar/14;171;Restaurante Popular de Mangabeira;Rua, Francisco Pereira de Souza, S/N;Mangabeira I;58030-002;Joao Pessoa;PB;(83) 32189244;sedes.dessan@joaopessoa.pb.gov.br;www.joaopessoa.pb.gov.br;1;;;;;;;;98;99;;$5,50;2;$7,98;$1,00;1300;0;;;;;;;;;;;0;;;;;;;;;;;;;;;;;;;0;;;;;;;-7170020802965070;-348416617512703
250750;250750;25;2;5;7;1;1;1;6047;20/mar/14;2014;01/mar/14;172;Restaurante Popular de Joao Pessoa;Rua, Francisco Pereira de Souza, s/n;Mangabeira I;58055-440;Joao Pessoa;PB;(83) 32189244;sedes.dessan@joaopessoa.pb.gov.br;www.joaopessoa.pb.gov.br;1;;;;;;;;2;1;$631.000,00;$5,50;2;$5,24;$1,00;900;0;;;;;;;;;;;0;;;;;;;;;;;;;;;;;;;0;;;;;;;-7170042092840780;-3484168857336040
250180;250180;25;2;2;5;0;0;0;6047;;;;130;RESTAURANTE POPULAR DE BAYEUX;Av. Liberdade;Centro;58306-000;Bayeux;PB;(83) 8760-7004 / 8844-5159;seplanby@yahoo.com.br / secplan@bayeuz.pb.gov.br;;1;;;;1;;;;1;1;$1.000.000,00;$2,85;2;;$1,00;1000;0;;;;;;;;;;;0;;;;;;;;;;;;;;;;;;;;;;;;;;-7125;-34932
241440;241440;24;2;1;4;0;0;0;2018;;;;496;RESTAURANTE POPULAR CIDADAO;AVENIDA 27 DE MARCO;CENTRO;59584-000;Touros;RN;(00) 00000000;;;1;;;;;;;;99;0;;$0,00;0;;$1,00;150;0;;;;;;;;;;;99;;;;;;;;;;;;;;;;;;;1;;1;;;;;-519718491403029;-3546473836911900
241440;241440;24;2;1;4;0;0;0;2018;;;;504;CAFE CIDADAO;AVELINO ANDRE DE SOUZA;CENTRO;59584-000;Touros;RN;(00) 000000000;;;1;;;;;;;;1;0;;$0,50;0;;$0,50;1000;0;;;;;;;;;;;1;;;;;;;;;;;;;;;;;;;0;;;;;;;-5195738200234750;-3546721458435050
241250;241250;24;2;1;4;0;0;0;2018;;;;501;RESTAURANTE POPULAR DE SAO MIGUEL;RUA VICENTE DE PAULO FREITAS, NÂº 106;CENTRO;59920-000;Sao Miguel;RN;(84) 991321881;nutricionistasmiguel@solrefeicoes.com.br;;1;;;;;;;;99;99;;$5,00;0;;$1,00;600;0;;;;;;;;;;;1;;;;;;;;;;;;;;;;;;;0;;;;;;;-6212;-38497
241120;241120;24;2;1;4;0;0;0;4033;;;;401;Restaurante Popular de Santa Cruz/RN;Rua Alfredo Lima, 91.;Centro;59200-000;Santa Cruz;RN;(84) 32321492;;http://www.sethas.rn.gov.br/;1;;;;;;;;99;0;;$8,00;0;;$1,00;950;0;;;;;;;;;;;99;;;;;;;;;;;;;;;;;;;;;;;;;;-6229;-36023
240580;240580;24;2;1;4;0;0;0;4032;;;;507;RESTAURANTE POPULAR DE JOAO CAMARA;RUA JOAQUIM REBOUCAS, S/N;GAFURINGA;59555-000;Joao Camara;RN;(00) 0000000;restaurantepopularjaoacamara@rn.gov.br;restaurantepopularjaoacamara@rn.gov.br;1;;;;;;;;99;99;;$1,00;99;;$1,00;500;0;;;;;;;;;;;99;;;;;;;;;;;;;;;;;;;0;;;;;;;-5538;-35.82
240420;240420;24;2;1;4;0;0;0;2018;;;;510;Restaurante Popular;Rua Reginaldo Lisboa;Conjuto Batalha;59173-000;Goianinha;RN;(84) 991183607;goianinha.paisagem@gmail.com;;1;;;;;;;;99;99;;$1,00;99;;$1,00;500;0;;;;;;;;;;;1;;;;;;;;;;;;;;;;;;;1;;1;;;;;-62719636;-352077148
240325;240325;24;2;4;6;1;0;0;4033;;;;392;RESTAURANTE POPULAR;Rua Presidente Getulio Vargas;SANTOS REIS;59141-130;Parnamirim;RN;(84) 999825885;;;1;;;;;;;;99;0;;$0,00;0;;$1,00;0;0;;;;;;;;;;;99;;;;;;;;;;;;;;;;;;;0;;;;;;;-5914873272703330;-3526349544525140
240230;240230;24;2;1;4;0;0;0;6047;;;;489;RESTAURANTE POPULAR DE CARAUBAS;RUA SEBASTIAO PINTO DE QUEIROZ;ALTO SAO SEVERINO;59780-000;Caraubas;RN;(84) 33372263;;;1;;;;;;;;99;0;;$0,00;2;;$1,00;500;0;;;;;;;;;;;99;;;;;;;;;;;;;;;;;;;0;;;;;;;-580096238450622;-3756046414375300
240200;240200;24;2;2;5;0;0;0;2018;;;;499;RESTAURANTE POPULAR DE CAICO;RUA FELIPE GUERRA;CENTRO;59300-000;Caico;RN;(84) 34212125;restaurantepopularcaico@gmail.com;www.restaurantepopularcaico.org.br;1;;;;;;;;1;0;;$1,00;0;;$1,00;100;0;;;;;;;;;;;99;;;;;;;;;;;;;;;;;;;0;;;;;;;-645847114693598;-3.7095379829406704E+16
231290;231290;23;2;4;6;1;0;0;6047;;;;229;Restaurante Popular Felix Dias Ibiapina;Travessa Adriano Dias, 135;Centro;62010-460;Sobral;CE;(88) 36112013;restaurantepopularsobral@hotmail.com;Nao possui;1;;1;;1;;;;2;1;$1.330.143,36;$7,50;2;$5,82;$1,68;800;1;;;;1;1;;1;;1;"Estudantes 
Mototaxi.";1;;;;;;;;;;;;;;;;;;;1;;;;1;;;-3.6922170115539696E+16;-4034878134727470
230765;230765;23;2;4;6;1;0;1;6047;20/mar/14;2014;01/mar/14;185;Restaurante Popular de Maracanau;Av Central, s/n;Centro;61900-025;Maracanau;CE;RP: (85) 3392-8466;analuisanutri@gmail.com;nao possui;1;;;;;;;;1;1;$1.272.222,22;$5,00;2;$4,00;$1,00;650;1;;;;;;;;;1;Familias em acompanhamento PAIF em extrema pobreza;1;;;;;;;;;;;;;;;;;;;1;;1;1;;;;-3875670828604300;-3.86227583885192E+16
230730;230730;23;2;4;6;1;0;0;6047;;;;284;RESTAURANTE POPULAR JOSE AMANCIO DE SOUSA;RUA DO CRUZEIRO;Sao Miguel;63010-070;Juazeiro do Norte;CE;(88) 35723900;sedest@juazeiro.ce.gov.br;www.juazeiro.ce.gov.br;1;;;;;;;;1;1;$1.000.000,00;$6,21;2;;$1,50;1000;1;;;;;;;;;;;1;;;;;;;;;;;;;;;;;;;;;;;;;;-7203348513085730;-3.93114407086372E+16
230640;230640;23;2;3;6;0;0;1;6047;27/nov/14;2014;01/nov/14;167;DOM PAULO EDUARDO ANDRADE PONTE;RUA EUBIA BARROSO, S/N;BOA VISTA;62500-000;Itapipoca;CE;(88) 36315950;;NAO TEM;1;;;;;;;;1;1;$150.000,00;$3,20;2;$3,20;$1,00;400;0;;;;;;;;;;;1;;;;;;;;;;;;;;;;;;;1;;1;;;;;-3.50298003316064E+16;-3958136916160580
230440;230440;23;2;5;7;1;1;1;6047;10/jul/17;2017;01/jul/17;263;Restaurante Popular de Fortaleza;Avenida Carlos Amora, 07;Parangaba;60740-101;Fortaleza;CE;(85) 34846437;cosan.sdhds@fortaleza.ce.gov.br;www.fortaleza.ce.gov.br/sdhds;1;;;;;;;Nao sabe.;1;1;$12.312.000,00;$9,75;2;$8,75;$1,00;1328;0;;;;;;;;;;;0;;;;;;;;;;;;;;;;;;;1;;;;;;;-3774166618752540;-385644257068634
230420;230420;23;2;3;6;0;0;0;6047;;;;147;RESTAURANTE POPULAR DO CRATO;Rua Ratisbona, 329;Centro;63100-000;Crato;CE;(88) 35216321;semas_crato@yahoo.com.br;www.crato.ce.gov.br;1;;;;;;;;2;1;$451.500,00;$4,50;2;;$2,00;500;0;;;;;;;;;;;0;;;;;;;;;;;;;;;;;;;;;;;;;;-7234;-39409
221100;221100;22;2;5;7;1;1;1;6047;03/mai/16;2016;01/mai/16;232;RESTAURANTE POPULAR DE TERESINA-PI;Rua Lisandro Nogueira,nÂº 824,2Â° Piso.;CENTRO NORTE;64000-200;Teresina;PI;(86) 33038120;gabinete.semtcas@gmail.com;WWW.TERESINA.PI.GOV.BR;1;;;;;;;;98;1;$1.008.000,00;$6,20;2;$3,71;$2,50;1000;0;;;;;;;;;;;1;;;;;;;;;;;;;;;;;;;1;;1;1;1;;;-50896403;-42809588
220770;220770;22;2;3;6;0;0;0;6047;;;;248;Restaurante Popular do Trabalhador Parnaibano;AVENIDA ALVARO MENDES;Centro;64218351;Parnaiba;PI;(86) 33234595;sedesc@parnaiba.pi.gov.br;;1;;;;;1;;Federal;3;1;$1.252.000,00;$6,50;2;$4,50;$2,00;1000;0;;;;;;;;;;;0;;;;;;;;;;;;;;;;;;;0;;;;;;;-2907596169138050;-4177993297576900
211400;211400;21;2;2;5;0;0;0;2018;;;;525;RESTAURANTE POPULAR;AVENIDA STANLEY FORTES BATISTA;CENTRO;65365-000;Ze Doca;MA;(00) 000000000;semaszd@gmail.com;nao;1;;;;1;;;;1;99;;$0,00;99;;$2,00;600;0;;;;;;;;;;;99;;;;;;;;;;;;;;;;;;;0;;;;;;;-3243;-45824
211280;211280;21;2;2;5;0;0;1;6047;27/nov/18;2018;01/nov/18;513;RESTAURANTE POPULAR DE VIANA;AV. LUIS DE ALMEIDA COUTO;FATIMA;65215-000;Viana;MA;(98) 99913684;zefoba2018@gmail.com;;1;;;;;;;;1;1;$390,00;$12,00;0;;$2,00;800;0;;;;;;;;;;;0;;;;;;;;;;;;;;;;;;;0;;;;;;;-3.22;-45004
211280;211280;21;2;2;5;0;0;1;6047;27/nov/18;2018;01/nov/18;514;RESTAURANTE POPULAR DE VIANA;AV. JORGE ABRAAO DUALIBE;FATIMA;65215-000;Viana;MA;(98) 99913684;zefoba2018@gmail.com;;1;;;;;;;;1;1;$390,00;$12,00;0;;$2,00;800;0;;;;;;;;;;;0;;;;;;;;;;;;;;;;;;;99;;;;;;;-3.22;-45004
211270;211270;21;2;2;5;0;0;1;6047;11/out/17;2017;01/out/17;531;RESTAURANTE MARIA MARCELINA DA SILVA;RUA NOSSA SENHORA DAS GRACAS;CENTRO;65430-000;Vargem Grande;MA;(98) 984219179;semedvg@hotmail.com;semedvg@hotmail.com;1;;1;;1;;;;2;0;;$10,00;2;$2,00;$10,00;1000;0;;;;;;;;;;;1;;;;;;;;;;;;;;;;;;;0;;;;;;;-3.54473267247812E+16;-4391595840454100
211250;211250;21;2;2;5;0;0;1;2018;28/out/16;2016;01/out/16;470;2    RESTAURANTE POPULAR TUTOIA;AVENIDA PAULINO NEVES;centro;65580-000;Tutoia;MA;(98) 81414027;amaliacavalcante93@gmail.com;;1;;;;;;;;2;0;;$2,00;0;;$2,00;890;0;;;;;;;;;;;0;;;;;;;;;;;;;;;;;;;0;;;;;;;-2765098924984780;-4.22762596607208E+16
211250;211250;21;2;2;5;0;0;1;2018;28/out/16;2016;01/out/16;471;RESTAURANTE POPULAR DE TUTOIA;AVENIDA PAULINO NEVES, S/N;CENTRO;65580-000;Tutoia;MA;(98) 81414027;amaliacavalcante93@gmail.com;;1;;;;;;;;1;0;;$2,00;0;;$2,00;890;0;;;;;;;;;;;0;;;;;;;;;;;;;;;;;;;0;;;;;;;-2765098924984780;-4227644205093380
211250;211250;21;2;2;5;0;0;1;2018;28/out/16;2016;01/out/16;472;2    RESTAURANTE POPULAR TUTOIA;AVENIDA PAULINO NEVES, centro;centro;65580-000;Tutoia;MA;(98) 81414027;amaliacavalcante93@gmail.com;;1;;;;;;;;2;0;;$2,00;0;;$2,00;890;0;;;;;;;;;;;0;;;;;;;;;;;;;;;;;;;;;;;;;;-2.76512035767372E+16;-4.22761845588684E+16
210530;210530;21;2;4;6;1;0;1;6047;03/ago/16;2016;01/ago/16;163;Restaurante Popular;"Rua Simplicio Moreira, nÂº 813, centro, Imperatriz-MA (municipal)
Rua Godofredo Viana, centro, Imperatriz-MA (estadual)";Centro;65907-190;Imperatriz;MA;(99) 981018755;san.itz@hotmail.com;https://www.imperatriz.ma.gov.br/noticias/restaurante-popular/restaurante-popular-celebra-10-anos-de-fundacao.html;1;;;;;;;;1;1;$400.000,00;$6,50;1;$4,50;$2,00;650;1;;;;;;;;;;;1;;;;;;;;;;;;;;;;;;;1;;1;1;1;;;-55422769;-474752338
210480;210480;21;2;2;5;0;0;1;2018;26/nov/18;2018;01/nov/18;482;RESTAURANTE POPULAR DE GRAJAU;RUA FELINTO SANTOS, S/N.;CANOEIRO;65940-000;Grajau;MA;(99) 98186662;guilherme_fonsecas@hotmail.com;NAO TEM.;1;;;;;;;;3;0;;$10,75;0;;$2,00;800;0;;;;;;;;;;;0;;;;;;;;;;;;;;;;;;;0;;;;;;;-5.8233450950886496E+16;-461561393737793
210350;210350;21;2;1;4;0;0;1;4032;17/abr/18;2018;01/abr/18;494;RESTAURANTE POPULAR COLINAS;RUA CORONEL TRAJANO BRANDAO, 500;CENTRO;65690-000;Colinas;MA;(99) 988188773;magcomercio2016@hotmail.com;nao;1;;;;;;;;3;0;;$1,88;0;;$2,00;800;0;;;;;;;;;;;0;;;;;;;;;;;;;;;;;;;0;;;;;;;-6026;-44249
210350;210350;21;2;1;4;0;0;1;4032;17/abr/18;2018;01/abr/18;495;RESTAURANTE POPULAR COLINAS;RUA CORONEL TRAJANO BRANDAO, 500;CENTRO;65690-000;Colinas;MA;(99) 988188773;magcomercio@hotmail.com;NAO;1;;;;;;;;98;0;;$1,88;0;;$2,00;800;0;;;;;;;;;;;0;;;;;;;;;;;;;;;;;;;0;;;;;;;-6026;-44249
210330;210330;21;2;3;6;0;0;1;4033;11/out/17;2017;01/out/17;469;Restaurante Popular de Codo;praca nabi salem, SN;Centro;65400-000;Codo;MA;(99) 36616414;krllannenutri@hotmail.com;;1;;;;;;;;1;99;;$4,00;2;$2,00;$2,00;600;0;;;;;;;;;;;1;;;;;;;;;;;;;;;;;;;;;;;;;;-4452870000082510;-4388767719268790
210320;210320;21;2;2;5;0;0;0;6047;;;;524;MEGA SERVICOS E ALIMENTOS LTDA;AVENIDA ATALIBA VIEIRA DE ALMEIDA;TERRAS DURAS;65500-000;Chapadinha;MA;(98) 982048043;darlenelove-8@hotmail.com;nao possui;1;;;;;;;;2;0;;$5,00;0;;$2,00;625;0;;;;;;;;;;;0;;;;;;;;;;;;;;;;;;;0;;;;;;;-3.74641199167306E+16;-4.3366588354110704E+16
172100;172100;17;1;4;6;1;1;0;6047;;;;301;Tereza Cristina Aires;;Plano Diretor Norte;77000-000;Palmas;TO;(63) 21113310;seguranca.alimentarpalmas@gmail.com;palmas.to.gov.br;1;;;;;;;;1;1;$3.480.000,00;$6,50;2;$3,50;$3,00;1400;0;;;;;;;;;;;0;;;;;;;;;;;;;;;;;;;1;;;;;;;-1.01755567589894E+16;-4.8336367607116704E+16
172100;172100;17;1;4;6;1;1;0;6047;;;;303;Taquaralto;centro de taquaralto;taquaralto;77064-534;Palmas;TO;(63) 2111330;seguranca.alimentarpalmas@gmail.com;palmas.to.gov.br;1;;;;;;;;1;1;$3.399.190,00;$6,50;2;$3,50;$3,00;1200;0;;;;;;;;;;;0;;;;;;;;;;;;;;;;;;;0;;;;;;;-1.03310898065015E+16;-4.8297711610794E+16
170210;170210;17;1;3;6;0;0;0;6047;;;;125;RESTAURANTE POPULAR;Avenida Conego Joao Lima - Pracas das Bandeiras;Centro;77804-901;Araguaina;TO;(63) 34152268;trabalhoeacaosocial@araguaina.to.gov.br;NAO;1;;;;;;;;98;1;$700.000,00;$8,75;2;$3,75;$5,00;1000;0;;;;;;;;;;;0;;;;;;;;;;;;;;;;;;;0;;;;;;;-7.19329536480194E+16;-4.8204284906387296E+16
150795;150795;15;1;3;6;0;0;0;2018;;;;523;restaurante popular de tailandia;Rodv Pa 150 sn;zona urbana;68695-000;Tailandia;PA;(91) 991905506;assistenciasocial.tailand@gmail.com;;1;;;;;;;;1;99;;$4,00;2;$2,00;$2,00;200;1;;;;;;;;;;;1;;;;;;;;;;;;;;;;;;;1;;;;;;;-2926754469354970;-4.8958854675292896E+16
150680;150680;15;1;4;6;1;0;0;6047;;;;225;Restaurante popular de Santarem;Av. Tapajos, S/N. nos altos do Mercadao 2000.;Fatima;68040-000;Santarem;PA;(93) 992062200;semtras@yahoo.com.br;www.santarem.pa.gov.br;1;;;;;;;;2;1;$1.871.800,00;$2,25;2;$4,50;$2,00;525;0;;;;;;;;;;;0;;;;;;;;;;;;;;;;;;;0;;;;;;;-2419770141026780;-5473008871078490
150140;150140;15;1;5;7;1;1;0;4032;;;;480;Restaurante Popular Desembargador Paulo Frota;Rua Aristides Lobo, nÂº 290;Campina;66053-020;Belem;PA;(91) 984209537;fundo-ver-o-sol@gmail.com;www.fundoverosol.belem.pa.gov.br/?page_id=803;1;;;;;;;;3;1;$23.000,00;$5,70;2;$5,70;$2,00;1100;0;;;;;;;;;;;1;;;;;;;;;;;;;;;;;;;99;;;;;;;-14516134;-484964524
150080;150080;15;1;5;7;1;0;0;6047;;;;120;Restaurante Popular Herbert de Souza;Conjunto Cidade Nova VI, WE 75, SN 22, s/nÂº.;-Coqueiro;67140-000;Ananindeua;PA;(91) 33441570;san.ananindeua@gmail.com;;1;;;;;;;;1;1;$1.650.000,00;$6,80;2;$3,40;$3,40;600;0;;;;;;;;;;;0;;;;;;;;;;;;;;;;;;;0;;;;;;;-1.34995756602209E+16;-4839678557549890
130356;130356;13;1;1;4;0;0;0;2018;;;;517;Restaurante Solidario;Av. Manoel Romao;Bairro da Paz;69117-000;Rio Preto da Eva;AM;(92) 994954932;semas_rpe@hotmail.com;;3;;;;;;;;;;;;;;;;;;;;;;;;;;;;;;;;;;;;;;;;;;;;;;;;;;;;;-2.70004894403887E+16;-5969786167144770
130260;130260;13;1;5;7;1;1;0;6047;;;;184;Restaurante Popular Compensa;RUA BELO HORIZONTE, 1.000;Compensa II;69036-100;Manaus;AM;(92) 988422932;seguranca.alimentar@pmm.am.gov.br;Nao;1;;;;;;;;1;1;$791.500,00;$7,00;2;$5,00;$1,00;500;0;;;;;;;;;;;0;;;;;;;;;;;;;;;;;;;0;;;;;;;-3098757077432970;-6006198763847350
130260;130260;13;1;5;7;1;1;0;6047;;;;256;Restaurante Popular Parque do Idoso;RUA RIO MAR, S/NÂº;Adrianopolis;69053-120;Manaus;AM;(92) 988422932;seguranca.alimentar@pmm.am.gov.br;nao;1;;;;;;;;1;1;$791.500,00;$7,00;2;$5,00;$1,00;500;0;;;;;;;;;;;0;;;;;;;;;;;;;;;;;;;0;;;;;;;-3099764112942830;-6001665830612180
130260;130260;13;1;5;7;1;1;0;6047;;;;245;Restaurante Popular Alvorada;RUA 5, NÂº 26;Alvorada II;69043-110;Manaus;AM;(92) 988422932;seguranca.alimentar@pmm.am.gov.br;Nao;3;;;;;;;;;;;;;;;;;;;;;;;;;;;;;;;;;;;;;;;;;;;;;;;;;;;;;-307828405246168;-6.00548422336578E+16
120040;120040;12;1;4;6;1;1;1;6047;27/nov/14;2014;01/nov/14;209;Restaurante Popular Jose Marques de Souza (Matias);Rua Osvaldo de Andrade, nÂº 198;Palheral/ Sobral;69911-202;Rio Branco;AC;(68) 840531156832254323;valdetee@bol.com.br;www.riobranco.ac.gov.br;1;;;;1;;;;2;1;$1.720.000,00;$11,45;2;$8,95;$2,50;500;0;;;;;;;;;;;0;;;;;;;;;;;;;;;;;;;1;;;;;;;-998355405164966;-6782455801963800
110020;110020;11;1;5;7;1;1;0;4033;;;;359;Restaurante Popular do Municipio de Porto Velho;"
R. Cap. Esron de Menezes, 78916-240";Areal;78916-240;Porto Velho;RO;(69) 39013217;;nao possui;3;;;;;;;;;;;;;;;;;;;;;;;;;;;;;;;;;;;;;;Inundacao do estabelecimento;;;;;;;;;;;;;;;-8769994984907470;-6390214920043940
